time,open,high,low,close,tick_volume,spread,real_volume,point
2024-07-26 12:00:00,2373.274,2390.799,2371.028,2385.132,45107,0,0,0.001
2024-07-26 16:00:00,2385.164,2390.369,2381.125,2386.272,20580,0,0,0.001
2024-07-26 20:00:00,2386.312,2388.853,2385.43,2387.114,3257,0,0,0.001
2024-07-28 20:00:00,2387.944,2403.181,2387.853,2397.091,11156,0,0,0.001
2024-07-29 00:00:00,2397.055,2402.488,2388.599,2394.526,27396,0,0,0.001
2024-07-29 04:00:00,2394.505,2396.263,2389.49,2391.569,23060,0,0,0.001
2024-07-29 08:00:00,2391.558,2395.368,2386.809,2387.729,22971,0,0,0.001
2024-07-29 12:00:00,2387.74,2396.786,2369.495,2376.796,43877,0,0,0.001
2024-07-29 16:00:00,2376.832,2385.49,2374.461,2383.092,22659,0,0,0.001
2024-07-29 20:00:00,2383.048,2384.948,2380.885,2381.143,6869,0,0,0.001
2024-07-30 00:00:00,2381.186,2385.963,2376.471,2385.741,23524,0,0,0.001
2024-07-30 04:00:00,2385.73,2391.971,2385.644,2390.225,22041,0,0,0.001
2024-07-30 08:00:00,2390.264,2392.44,2386.872,2387.115,19560,0,0,0.001
2024-07-30 12:00:00,2387.109,2397.798,2383.32,2385.26,43013,0,0,0.001
2024-07-30 16:00:00,2385.303,2411.07,2384.953,2407.008,30665,0,0,0.001
2024-07-30 20:00:00,2406.975,2412.878,2406.947,2409.807,10825,0,0,0.001
2024-07-31 00:00:00,2409.81,2419.165,2403.877,2416.442,29733,0,0,0.001
2024-07-31 04:00:00,2416.473,2425.51,2414.427,2417.175,26876,0,0,0.001
2024-07-31 08:00:00,2417.137,2423.239,2415.436,2419.576,22582,0,0,0.001
2024-07-31 12:00:00,2419.629,2428.991,2417.27,2423.098,41758,0,0,0.001
2024-07-31 16:00:00,2423.139,2450.827,2421.537,2449.804,41825,0,0,0.001
2024-07-31 20:00:00,2449.758,2450.951,2444.084,2445.743,11733,0,0,0.001
2024-08-01 00:00:00,2445.725,2458.35,2437.256,2442.777,37341,0,0,0.001
2024-08-01 04:00:00,2442.769,2448.819,2439.871,2440.325,27267,0,0,0.001
2024-08-01 08:00:00,2440.282,2442.888,2430.12,2440.725,28570,0,0,0.001
2024-08-01 12:00:00,2440.773,2462.302,2440.271,2445.107,64857,0,0,0.001
2024-08-01 16:00:00,2445.208,2448.761,2434.884,2443.053,33969,0,0,0.001
2024-08-01 20:00:00,2443.021,2447.553,2441.715,2445.844,12193,0,0,0.001
2024-08-02 00:00:00,2445.886,2459.412,2434.872,2454.432,38970,0,0,0.001
2024-08-02 04:00:00,2454.422,2468.48,2454.191,2461.538,30256,0,0,0.001
2024-08-02 08:00:00,2461.586,2465.371,2457.531,2459.259,25741,0,0,0.001
2024-08-02 12:00:00,2459.216,2477.704,2410.794,2433.12,123063,0,0,0.001
2024-08-02 16:00:00,2433.068,2439.293,2422.959,2437.618,42600,0,0,0.001
2024-08-02 20:00:00,2437.645,2442.477,2435.539,2441.892,4851,0,0,0.001
2024-08-04 20:00:00,2441.02,2446.317,2437.915,2440.952,13269,0,0,0.001
2024-08-05 00:00:00,2440.984,2452.51,2413.695,2450.956,69630,0,0,0.001
2024-08-05 04:00:00,2451.022,2458.836,2422.064,2431.98,64792,0,0,0.001
2024-08-05 08:00:00,2432.021,2434.402,2383.239,2386.736,60590,0,0,0.001
2024-08-05 12:00:00,2386.772,2412.236,2364.234,2402.831,114504,0,0,0.001
2024-08-05 16:00:00,2402.782,2413.06,2398.986,2407.676,38274,0,0,0.001
2024-08-05 20:00:00,2407.658,2412.562,2404.34,2404.837,13909,0,0,0.001
2024-08-06 00:00:00,2404.865,2418.371,2404.515,2409.017,39085,0,0,0.001
2024-08-06 04:00:00,2409.013,2412.647,2394.78,2409.835,45431,0,0,0.001
2024-08-06 08:00:00,2409.935,2416.344,2408.073,2410.955,31514,0,0,0.001
2024-08-06 12:00:00,2410.996,2412.258,2381.404,2387.536,75928,0,0,0.001
2024-08-06 16:00:00,2387.571,2396.014,2385.548,2387.732,30075,0,0,0.001
2024-08-06 20:00:00,2387.759,2390.487,2382.754,2383.788,11492,0,0,0.001
2024-08-07 00:00:00,2383.723,2388.44,2378.931,2385.948,42090,0,0,0.001
2024-08-07 04:00:00,2385.985,2397.582,2385.687,2389.31,30722,0,0,0.001
2024-08-07 08:00:00,2389.353,2402.392,2388.22,2401.154,25486,0,0,0.001
2024-08-07 12:00:00,2401.148,2407.059,2391.932,2394.524,43591,0,0,0.001
2024-08-07 16:00:00,2394.45,2399.748,2383.782,2385.719,28522,0,0,0.001
2024-08-07 20:00:00,2385.67,2387.382,2380.884,2384.791,11763,0,0,0.001
2024-08-08 00:00:00,2384.835,2394.729,2383.283,2394.35,29574,0,0,0.001
2024-08-08 04:00:00,2394.316,2400.676,2392.407,2396.736,27771,0,0,0.001
2024-08-08 08:00:00,2396.786,2413.632,2392.838,2412.192,27851,0,0,0.001
2024-08-08 12:00:00,2412.152,2424.365,2402.295,2418.686,61053,0,0,0.001
2024-08-08 16:00:00,2418.645,2426.361,2415.725,2423.533,25166,0,0,0.001
2024-08-08 20:00:00,2423.55,2427.818,2422.829,2424.595,10042,0,0,0.001
2024-08-09 00:00:00,2424.519,2429.0,2419.222,2421.089,25648,0,0,0.001
2024-08-09 04:00:00,2421.046,2427.054,2416.829,2423.128,23891,0,0,0.001
2024-08-09 08:00:00,2423.183,2432.64,2422.205,2426.761,23784,0,0,0.001
2024-08-09 12:00:00,2426.734,2435.981,2420.955,2431.47,46350,0,0,0.001
2024-08-09 16:00:00,2431.514,2437.055,2427.157,2429.079,22258,0,0,0.001
2024-08-09 20:00:00,2429.118,2431.172,2429.118,2430.805,3046,0,0,0.001
2024-08-11 20:00:00,2428.332,2433.24,2427.262,2427.927,6495,0,0,0.001
2024-08-12 00:00:00,2427.928,2430.315,2423.825,2428.572,18526,0,0,0.001
2024-08-12 04:00:00,2428.529,2442.891,2428.192,2441.573,20544,0,0,0.001
2024-08-12 08:00:00,2441.614,2445.058,2439.576,2441.498,21631,0,0,0.001
2024-08-12 12:00:00,2441.506,2460.686,2441.409,2459.78,41889,0,0,0.001
2024-08-12 16:00:00,2459.771,2472.194,2458.93,2470.473,23249,0,0,0.001
2024-08-12 20:00:00,2470.446,2476.033,2470.151,2475.536,8860,0,0,0.001
2024-08-13 00:00:00,2475.58,2476.963,2460.827,2463.444,27092,0,0,0.001
2024-08-13 04:00:00,2463.513,2466.176,2458.493,2464.26,22174,0,0,0.001
2024-08-13 08:00:00,2464.302,2466.607,2458.834,2465.768,21469,0,0,0.001
2024-08-13 12:00:00,2465.797,2475.678,2458.866,2468.627,43821,0,0,0.001
2024-08-13 16:00:00,2468.6,2471.086,2462.235,2466.912,20961,0,0,0.001
2024-08-13 20:00:00,2466.922,2467.84,2462.942,2464.06,8137,0,0,0.001
2024-08-14 00:00:00,2464.104,2472.49,2455.271,2460.792,29955,0,0,0.001
2024-08-14 04:00:00,2460.815,2471.903,2459.259,2470.85,23574,0,0,0.001
2024-08-14 08:00:00,2470.822,2478.789,2468.677,2474.696,24991,0,0,0.001
2024-08-14 12:00:00,2474.735,2480.064,2442.008,2444.024,83206,0,0,0.001
2024-08-14 16:00:00,2443.972,2448.449,2437.995,2447.2,26553,0,0,0.001
2024-08-14 20:00:00,2447.13,2449.483,2446.433,2449.408,7638,0,0,0.001
2024-08-15 00:00:00,2449.396,2454.336,2448.211,2453.681,25029,0,0,0.001
2024-08-15 04:00:00,2453.709,2458.774,2450.28,2455.71,23683,0,0,0.001
2024-08-15 08:00:00,2455.701,2464.147,2453.532,2463.533,21914,0,0,0.001
2024-08-15 12:00:00,2463.581,2470.095,2432.094,2458.339,87839,0,0,0.001
2024-08-15 16:00:00,2458.394,2461.631,2453.4,2455.566,23415,0,0,0.001
2024-08-15 20:00:00,2455.52,2458.259,2454.397,2457.298,7787,0,0,0.001
2024-08-16 00:00:00,2457.309,2460.057,2450.7,2452.465,21164,0,0,0.001
2024-08-16 04:00:00,2452.42,2464.509,2451.07,2461.983,20368,0,0,0.001
2024-08-16 08:00:00,2462.052,2472.314,2459.109,2472.113,22998,0,0,0.001
2024-08-16 12:00:00,2472.074,2500.52,2471.251,2491.691,64361,0,0,0.001
2024-08-16 16:00:00,2491.731,2508.998,2491.651,2507.862,26108,0,0,0.001
2024-08-16 20:00:00,2507.916,2509.783,2505.539,2507.82,4248,0,0,0.001
2024-08-18 20:00:00,2506.461,2506.778,2502.271,2506.414,7373,0,0,0.001
2024-08-19 00:00:00,2506.42,2506.771,2494.933,2503.22,31708,0,0,0.001
2024-08-19 04:00:00,2503.201,2505.183,2498.768,2502.992,24459,0,0,0.001
2024-08-19 08:00:00,2502.945,2507.181,2486.483,2494.391,24543,0,0,0.001
2024-08-19 12:00:00,2494.415,2505.947,2485.614,2503.934,41630,0,0,0.001
2024-08-19 16:00:00,2503.898,2507.482,2500.634,2505.437,20477,0,0,0.001
2024-08-19 20:00:00,2505.502,2505.637,2502.044,2503.544,6382,0,0,0.001
2024-08-20 00:00:00,2503.554,2508.289,2498.632,2501.778,22158,0,0,0.001
2024-08-20 04:00:00,2501.789,2515.223,2497.283,2514.878,22084,0,0,0.001
2024-08-20 08:00:00,2514.905,2527.171,2514.293,2526.224,29226,0,0,0.001
2024-08-20 12:00:00,2526.267,2531.668,2505.759,2508.518,56703,0,0,0.001
2024-08-20 16:00:00,2508.549,2515.521,2500.829,2514.951,25988,0,0,0.001
2024-08-20 20:00:00,2514.994,2516.937,2512.724,2512.964,7084,0,0,0.001
2024-08-21 00:00:00,2512.976,2519.942,2510.776,2517.386,22783,0,0,0.001
2024-08-21 04:00:00,2517.433,2519.617,2508.059,2509.751,22351,0,0,0.001
2024-08-21 08:00:00,2509.723,2513.321,2504.418,2511.823,21833,0,0,0.001
2024-08-21 12:00:00,2511.781,2513.733,2493.644,2508.41,57846,0,0,0.001
2024-08-21 16:00:00,2508.369,2519.167,2503.051,2511.559,25185,0,0,0.001
2024-08-21 20:00:00,2511.513,2514.424,2509.759,2512.783,7338,0,0,0.001
2024-08-22 00:00:00,2512.732,2514.701,2499.852,2502.329,23446,0,0,0.001
2024-08-22 04:00:00,2502.344,2510.597,2499.184,2507.102,23545,0,0,0.001
2024-08-22 08:00:00,2507.104,2509.122,2498.061,2499.444,23910,0,0,0.001
2024-08-22 12:00:00,2499.502,2504.181,2470.801,2481.794,58533,0,0,0.001
2024-08-22 16:00:00,2481.842,2485.95,2478.491,2482.983,23843,0,0,0.001
2024-08-22 20:00:00,2483.021,2487.582,2482.373,2487.564,6696,0,0,0.001
2024-08-23 00:00:00,2487.574,2493.753,2486.469,2493.17,22979,0,0,0.001
2024-08-23 04:00:00,2493.153,2495.754,2490.54,2493.384,20398,0,0,0.001
2024-08-23 08:00:00,2493.338,2502.502,2492.991,2501.571,21266,0,0,0.001
2024-08-23 12:00:00,2501.557,2518.35,2494.453,2509.845,63322,0,0,0.001
2024-08-23 16:00:00,2509.884,2513.242,2501.706,2510.772,26798,0,0,0.001
2024-08-23 20:00:00,2510.745,2512.46,2509.532,2512.357,3097,0,0,0.001
2024-08-25 20:00:00,2512.067,2516.683,2511.068,2515.917,7415,0,0,0.001
2024-08-26 00:00:00,2515.903,2517.001,2509.33,2509.769,23813,0,0,0.001
2024-08-26 04:00:00,2509.739,2521.82,2508.646,2521.408,23382,0,0,0.001
2024-08-26 08:00:00,2521.412,2526.906,2520.702,2526.533,24232,0,0,0.001
2024-08-26 12:00:00,2526.467,2527.009,2510.578,2515.782,47547,0,0,0.001
2024-08-26 16:00:00,2515.787,2523.391,2513.518,2518.169,21735,0,0,0.001
2024-08-26 20:00:00,2518.206,2519.095,2515.406,2515.511,5984,0,0,0.001
2024-08-27 00:00:00,2515.512,2516.709,2505.816,2508.973,22336,0,0,0.001
2024-08-27 04:00:00,2509.008,2517.561,2504.575,2504.988,26075,0,0,0.001
2024-08-27 08:00:00,2504.885,2513.745,2503.456,2511.479,26398,0,0,0.001
2024-08-27 12:00:00,2511.444,2520.38,2503.436,2512.134,48508,0,0,0.001
2024-08-27 16:00:00,2512.107,2525.938,2509.83,2525.097,23153,0,0,0.001
2024-08-27 20:00:00,2525.062,2529.043,2523.78,2525.269,8417,0,0,0.001
2024-08-28 00:00:00,2525.223,2525.813,2513.168,2515.861,21493,0,0,0.001
2024-08-28 04:00:00,2515.824,2516.16,2503.219,2509.984,21799,0,0,0.001
2024-08-28 08:00:00,2509.942,2511.432,2500.69,2501.485,23934,0,0,0.001
2024-08-28 12:00:00,2501.445,2510.689,2493.498,2506.141,46293,0,0,0.001
2024-08-28 16:00:00,2506.182,2509.591,2496.364,2507.607,24076,0,0,0.001
2024-08-28 20:00:00,2507.643,2508.703,2502.76,2508.11,9898,0,0,0.001
2024-08-29 00:00:00,2508.08,2516.771,2507.977,2516.543,21228,0,0,0.001
2024-08-29 04:00:00,2516.591,2521.164,2513.806,2519.091,21931,0,0,0.001
2024-08-29 08:00:00,2519.125,2524.446,2515.043,2519.883,26137,0,0,0.001
2024-08-29 12:00:00,2519.874,2525.696,2503.558,2522.535,54558,0,0,0.001
2024-08-29 16:00:00,2522.507,2528.669,2517.418,2521.178,24607,0,0,0.001
2024-08-29 20:00:00,2521.216,2522.313,2518.894,2519.613,6693,0,0,0.001
2024-08-30 00:00:00,2519.6,2520.053,2512.292,2513.557,21044,0,0,0.001
2024-08-30 04:00:00,2513.533,2524.103,2512.14,2519.369,25286,0,0,0.001
2024-08-30 08:00:00,2519.356,2526.914,2514.987,2519.523,23783,0,0,0.001
2024-08-30 12:00:00,2519.485,2524.76,2500.233,2502.501,63695,0,0,0.001
2024-08-30 16:00:00,2502.465,2506.045,2494.086,2502.343,30945,0,0,0.001
2024-08-30 20:00:00,2502.304,2503.578,2501.838,2503.342,3429,0,0,0.001
2024-09-01 20:00:00,2502.485,2504.76,2501.942,2502.98,5448,0,0,0.001
2024-09-02 00:00:00,2502.983,2504.98,2489.977,2496.228,25627,0,0,0.001
2024-09-02 04:00:00,2496.208,2501.457,2495.191,2498.157,21574,0,0,0.001
2024-09-02 08:00:00,2498.209,2507.31,2497.082,2499.814,22661,0,0,0.001
2024-09-02 12:00:00,2499.774,2503.231,2497.672,2501.485,22585,0,0,0.001
2024-09-02 16:00:00,2501.49,2501.902,2498.581,2500.085,4070,0,0,0.001
2024-09-02 20:00:00,2499.525,2499.708,2496.49,2497.242,3832,0,0,0.001
2024-09-03 00:00:00,2497.247,2497.701,2489.66,2494.717,24470,0,0,0.001
2024-09-03 04:00:00,2494.789,2502.051,2492.728,2500.843,23132,0,0,0.001
2024-09-03 08:00:00,2500.809,2506.247,2484.618,2489.698,31489,0,0,0.001
2024-09-03 12:00:00,2489.69,2502.276,2473.282,2488.353,80886,0,0,0.001
2024-09-03 16:00:00,2488.33,2494.398,2483.879,2492.015,22583,0,0,0.001
2024-09-03 20:00:00,2491.965,2494.764,2491.318,2493.223,7759,0,0,0.001
2024-09-04 00:00:00,2493.2,2496.95,2491.293,2495.016,20659,0,0,0.001
2024-09-04 04:00:00,2495.058,2496.797,2481.921,2482.177,24347,0,0,0.001
2024-09-04 08:00:00,2482.172,2491.252,2471.826,2489.177,33196,0,0,0.001
2024-09-04 12:00:00,2489.14,2500.266,2482.056,2493.984,59843,0,0,0.001
2024-09-04 16:00:00,2493.958,2498.023,2491.432,2493.424,20662,0,0,0.001
2024-09-04 20:00:00,2493.381,2496.951,2492.832,2495.829,7108,0,0,0.001
2024-09-05 00:00:00,2495.827,2499.335,2494.463,2494.868,19008,0,0,0.001
2024-09-05 04:00:00,2494.835,2507.623,2493.759,2506.37,22995,0,0,0.001
2024-09-05 08:00:00,2506.408,2518.375,2505.915,2515.199,29366,0,0,0.001
2024-09-05 12:00:00,2515.228,2523.574,2503.797,2507.154,68395,0,0,0.001
2024-09-05 16:00:00,2507.179,2516.854,2506.074,2514.814,22235,0,0,0.001
2024-09-05 20:00:00,2514.857,2518.011,2514.802,2517.282,6584,0,0,0.001
2024-09-06 00:00:00,2517.277,2518.474,2513.047,2518.221,18787,0,0,0.001
2024-09-06 04:00:00,2518.257,2521.841,2516.278,2516.553,21452,0,0,0.001
2024-09-06 08:00:00,2516.516,2520.364,2514.669,2516.263,20925,0,0,0.001
2024-09-06 12:00:00,2516.302,2529.232,2500.403,2505.384,115927,0,0,0.001
2024-09-06 16:00:00,2505.36,2505.882,2485.064,2495.978,54112,0,0,0.001
2024-09-06 20:00:00,2495.939,2497.827,2494.738,2497.555,3872,0,0,0.001
2024-09-08 20:00:00,2497.038,2498.276,2495.507,2496.869,6151,0,0,0.001
2024-09-09 00:00:00,2496.871,2500.54,2494.711,2499.286,25641,0,0,0.001
2024-09-09 04:00:00,2499.25,2499.541,2485.503,2494.286,33568,0,0,0.001
2024-09-09 08:00:00,2494.311,2499.137,2489.94,2497.242,27711,0,0,0.001
2024-09-09 12:00:00,2497.287,2505.292,2493.231,2499.081,44383,0,0,0.001
2024-09-09 16:00:00,2499.107,2506.577,2499.107,2505.96,22596,0,0,0.001
2024-09-09 20:00:00,2505.921,2507.701,2505.221,2506.813,7031,0,0,0.001
2024-09-10 00:00:00,2506.815,2507.461,2501.37,2502.532,20845,0,0,0.001
2024-09-10 04:00:00,2502.5,2507.773,2500.736,2502.792,21452,0,0,0.001
2024-09-10 08:00:00,2502.749,2509.695,2500.052,2504.607,25357,0,0,0.001
2024-09-10 12:00:00,2504.575,2518.418,2500.854,2512.597,51627,0,0,0.001
2024-09-10 16:00:00,2512.77,2517.515,2510.693,2517.243,23233,0,0,0.001
2024-09-10 20:00:00,2517.211,2518.849,2515.75,2518.678,6470,0,0,0.001
2024-09-11 00:00:00,2518.638,2522.577,2514.94,2519.406,25490,0,0,0.001
2024-09-11 04:00:00,2519.426,2529.086,2518.519,2521.471,26760,0,0,0.001
2024-09-11 08:00:00,2521.437,2527.212,2519.76,2522.267,24357,0,0,0.001
2024-09-11 12:00:00,2522.227,2523.884,2500.844,2514.743,83228,0,0,0.001
2024-09-11 16:00:00,2514.712,2520.033,2509.781,2512.93,26824,0,0,0.001
2024-09-11 20:00:00,2512.904,2513.892,2511.27,2511.893,6768,0,0,0.001
2024-09-12 00:00:00,2511.901,2516.156,2510.973,2515.844,19225,0,0,0.001
2024-09-12 04:00:00,2515.88,2522.26,2514.445,2515.943,20559,0,0,0.001
2024-09-12 08:00:00,2515.906,2521.014,2512.961,2519.444,24076,0,0,0.001
2024-09-12 12:00:00,2519.485,2555.229,2518.862,2553.315,86210,0,0,0.001
2024-09-12 16:00:00,2553.279,2559.088,2544.868,2557.905,33516,0,0,0.001
2024-09-12 20:00:00,2557.87,2560.091,2556.739,2558.422,9495,0,0,0.001
2024-09-13 00:00:00,2558.419,2570.093,2556.78,2567.853,29572,0,0,0.001
2024-09-13 04:00:00,2567.922,2571.135,2563.068,2569.844,28690,0,0,0.001
2024-09-13 08:00:00,2569.84,2573.019,2563.654,2567.288,28543,0,0,0.001
2024-09-13 12:00:00,2567.323,2583.48,2566.033,2582.14,56645,0,0,0.001
2024-09-13 16:00:00,2582.175,2586.12,2578.59,2582.646,26091,0,0,0.001
2024-09-13 20:00:00,2582.612,2582.912,2577.704,2579.067,3420,0,0,0.001
2024-09-15 20:00:00,2578.456,2580.454,2577.582,2579.163,7257,0,0,0.001
2024-09-16 00:00:00,2579.17,2589.027,2578.887,2586.294,17150,0,0,0.001
2024-09-16 04:00:00,2586.335,2589.651,2579.452,2582.142,23114,0,0,0.001
2024-09-16 08:00:00,2582.122,2588.526,2575.285,2582.999,27346,0,0,0.001
2024-09-16 12:00:00,2582.966,2589.298,2576.057,2579.847,46609,0,0,0.001
2024-09-16 16:00:00,2579.881,2584.172,2579.524,2582.491,18867,0,0,0.001
2024-09-16 20:00:00,2582.557,2583.855,2581.809,2583.659,6361,0,0,0.001
2024-09-17 00:00:00,2583.683,2586.338,2576.771,2577.184,18556,0,0,0.001
2024-09-17 04:00:00,2577.178,2586.956,2574.53,2583.8,21590,0,0,0.001
2024-09-17 08:00:00,2583.761,2584.151,2569.679,2579.824,30580,0,0,0.001
2024-09-17 12:00:00,2579.834,2582.252,2561.715,2565.668,59180,0,0,0.001
2024-09-17 16:00:00,2565.692,2571.643,2560.661,2568.615,27627,0,0,0.001
2024-09-17 20:00:00,2568.64,2574.367,2568.287,2574.05,7348,0,0,0.001
2024-09-18 00:00:00,2574.019,2576.474,2570.016,2575.899,26182,0,0,0.001
2024-09-18 04:00:00,2575.923,2576.511,2565.681,2571.566,23030,0,0,0.001
2024-09-18 08:00:00,2571.643,2580.74,2567.962,2577.407,23521,0,0,0.001
2024-09-18 12:00:00,2577.454,2578.907,2567.965,2569.701,38403,0,0,0.001
2024-09-18 16:00:00,2569.731,2600.138,2546.828,2549.026,124418,0,0,0.001
2024-09-18 20:00:00,2548.981,2561.596,2548.301,2559.239,18597,0,0,0.001
2024-09-19 00:00:00,2559.239,2566.702,2550.894,2563.959,35526,0,0,0.001
2024-09-19 04:00:00,2564.002,2584.633,2559.564,2584.344,35048,0,0,0.001
2024-09-19 08:00:00,2584.361,2594.963,2581.336,2589.435,35281,0,0,0.001
2024-09-19 12:00:00,2589.399,2591.203,2569.753,2589.022,71083,0,0,0.001
2024-09-19 16:00:00,2589.062,2592.612,2585.927,2588.309,24412,0,0,0.001
2024-09-19 20:00:00,2588.355,2589.803,2585.876,2587.282,7655,0,0,0.001
2024-09-20 00:00:00,2587.254,2593.705,2584.714,2591.389,23776,0,0,0.001
2024-09-20 04:00:00,2591.397,2609.797,2591.258,2607.183,28193,0,0,0.001
2024-09-20 08:00:00,2607.158,2615.5,2602.435,2613.736,29452,0,0,0.001
2024-09-20 12:00:00,2613.697,2623.041,2602.515,2622.744,68628,0,0,0.001
2024-09-20 16:00:00,2622.762,2625.754,2617.834,2621.087,31785,0,0,0.001
2024-09-20 20:00:00,2621.129,2622.509,2619.1,2622.098,3387,0,0,0.001
2024-09-22 20:00:00,2620.944,2622.119,2619.63,2620.234,5589,0,0,0.001
2024-09-23 00:00:00,2620.202,2631.128,2616.016,2628.553,24230,0,0,0.001
2024-09-23 04:00:00,2628.558,2631.395,2613.799,2615.15,30293,0,0,0.001
2024-09-23 08:00:00,2615.113,2625.786,2614.564,2624.063,27327,0,0,0.001
2024-09-23 12:00:00,2624.056,2634.881,2620.018,2629.242,49960,0,0,0.001
2024-09-23 16:00:00,2629.201,2630.921,2625.665,2626.24,23790,0,0,0.001
2024-09-23 20:00:00,2626.283,2628.501,2625.814,2626.3,6389,0,0,0.001
2024-09-24 00:00:00,2626.295,2636.156,2623.72,2634.099,26496,0,0,0.001
2024-09-24 04:00:00,2634.09,2640.092,2622.524,2628.996,38911,0,0,0.001
2024-09-24 08:00:00,2629.005,2636.312,2623.339,2626.367,30083,0,0,0.001
2024-09-24 12:00:00,2626.411,2648.504,2623.463,2643.143,60532,0,0,0.001
2024-09-24 16:00:00,2643.153,2664.366,2642.35,2662.622,34486,0,0,0.001
2024-09-24 20:00:00,2662.588,2663.747,2656.417,2658.204,10839,0,0,0.001
2024-09-25 00:00:00,2658.163,2670.629,2655.427,2661.439,35901,0,0,0.001
2024-09-25 04:00:00,2661.485,2661.717,2651.322,2657.019,31504,0,0,0.001
2024-09-25 08:00:00,2657.025,2658.601,2652.726,2657.431,26645,0,0,0.001
2024-09-25 12:00:00,2657.38,2667.448,2654.155,2657.678,57690,0,0,0.001
2024-09-25 16:00:00,2657.652,2663.062,2649.566,2659.754,27533,0,0,0.001
2024-09-25 20:00:00,2659.802,2660.298,2656.203,2656.24,9002,0,0,0.001
2024-09-26 00:00:00,2656.359,2662.537,2655.281,2662.516,24560,0,0,0.001
2024-09-26 04:00:00,2662.545,2666.924,2657.93,2664.684,26485,0,0,0.001
2024-09-26 08:00:00,2664.65,2685.611,2664.603,2682.764,36299,0,0,0.001
2024-09-26 12:00:00,2682.797,2684.253,2654.717,2671.348,96435,0,0,0.001
2024-09-26 16:00:00,2671.396,2677.938,2662.946,2673.675,32686,0,0,0.001
2024-09-26 20:00:00,2673.715,2674.077,2670.83,2672.601,7405,0,0,0.001
2024-09-27 00:00:00,2672.61,2673.976,2666.19,2673.629,27855,0,0,0.001
2024-09-27 04:00:00,2673.649,2673.944,2660.89,2664.748,35688,0,0,0.001
2024-09-27 08:00:00,2664.701,2669.177,2658.284,2666.159,29569,0,0,0.001
2024-09-27 12:00:00,2666.125,2674.269,2644.705,2649.798,77124,0,0,0.001
2024-09-27 16:00:00,2649.751,2656.324,2642.994,2652.079,34799,0,0,0.001
2024-09-27 20:00:00,2652.036,2659.974,2651.126,2657.983,4318,0,0,0.001
2024-09-29 20:00:00,2661.714,2665.106,2659.762,2663.543,9821,0,0,0.001
2024-09-30 00:00:00,2663.58,2666.069,2647.264,2653.617,37876,0,0,0.001
2024-09-30 04:00:00,2653.573,2660.619,2650.63,2650.987,27568,0,0,0.001
2024-09-30 08:00:00,2650.95,2656.598,2634.41,2641.542,33572,0,0,0.001
2024-09-30 12:00:00,2641.523,2644.175,2628.658,2633.868,57983,0,0,0.001
2024-09-30 16:00:00,2633.874,2641.893,2624.679,2630.922,37884,0,0,0.001
2024-09-30 20:00:00,2630.963,2636.262,2630.713,2635.634,7916,0,0,0.001
2024-10-01 00:00:00,2635.66,2640.008,2633.911,2637.922,17653,0,0,0.001
2024-10-01 04:00:00,2637.955,2647.458,2637.406,2645.559,24216,0,0,0.001
2024-10-01 08:00:00,2645.593,2652.082,2642.437,2650.229,25513,0,0,0.001
2024-10-01 12:00:00,2650.269,2671.883,2648.01,2663.338,82073,0,0,0.001
2024-10-01 16:00:00,2663.303,2673.222,2657.549,2658.691,44727,0,0,0.001
2024-10-01 20:00:00,2658.73,2663.977,2657.837,2660.361,8012,0,0,0.001
2024-10-02 00:00:00,2660.39,2662.017,2655.079,2655.376,21192,0,0,0.001
2024-10-02 04:00:00,2655.351,2656.55,2644.495,2655.423,29656,0,0,0.001
2024-10-02 08:00:00,2655.482,2655.871,2647.941,2649.577,25837,0,0,0.001
2024-10-02 12:00:00,2649.619,2663.387,2641.038,2649.89,61682,0,0,0.001
2024-10-02 16:00:00,2649.918,2658.986,2647.113,2658.64,24076,0,0,0.001
2024-10-02 20:00:00,2658.622,2661.236,2658.265,2660.328,8377,0,0,0.001
2024-10-03 00:00:00,2660.299,2662.968,2653.273,2656.001,21739,0,0,0.001
2024-10-03 04:00:00,2655.966,2657.491,2643.491,2645.187,27244,0,0,0.001
2024-10-03 08:00:00,2645.209,2649.06,2640.958,2648.018,29286,0,0,0.001
2024-10-03 12:00:00,2647.984,2654.625,2637.964,2648.798,70613,0,0,0.001
2024-10-03 16:00:00,2648.842,2662.161,2648.49,2657.974,28554,0,0,0.001
2024-10-03 20:00:00,2658.009,2658.009,2654.319,2655.804,6951,0,0,0.001
2024-10-04 00:00:00,2655.8,2663.591,2655.452,2661.137,18850,0,0,0.001
2024-10-04 04:00:00,2661.128,2667.864,2658.703,2661.08,22722,0,0,0.001
2024-10-04 08:00:00,2661.05,2662.558,2656.783,2661.342,21840,0,0,0.001
2024-10-04 12:00:00,2661.319,2670.167,2632.031,2653.201,102606,0,0,0.001
2024-10-04 16:00:00,2653.227,2653.849,2641.813,2651.624,34314,0,0,0.001
2024-10-04 20:00:00,2651.657,2653.995,2649.836,2653.519,3385,0,0,0.001
2024-10-06 20:00:00,2651.575,2652.397,2649.675,2650.158,6824,0,0,0.001
2024-10-07 00:00:00,2650.103,2651.918,2643.788,2647.421,23527,0,0,0.001
2024-10-07 04:00:00,2647.399,2652.832,2639.587,2651.974,25453,0,0,0.001
2024-10-07 08:00:00,2652.016,2659.613,2650.597,2656.913,28133,0,0,0.001
2024-10-07 12:00:00,2656.949,2659.206,2637.728,2645.728,62681,0,0,0.001
2024-10-07 16:00:00,2645.687,2648.736,2639.686,2643.26,23844,0,0,0.001
2024-10-07 20:00:00,2643.224,2649.156,2641.761,2642.944,10067,0,0,0.001
2024-10-08 00:00:00,2642.962,2648.317,2633.723,2642.99,45136,0,0,0.001
2024-10-08 04:00:00,2642.922,2646.429,2631.076,2633.951,34011,0,0,0.001
2024-10-08 08:00:00,2633.967,2651.897,2628.487,2650.745,34333,0,0,0.001
2024-10-08 12:00:00,2650.739,2653.012,2604.686,2612.958,84571,0,0,0.001
2024-10-08 16:00:00,2613.025,2623.574,2605.443,2622.898,34629,0,0,0.001
2024-10-08 20:00:00,2622.93,2623.813,2618.811,2621.868,9280,0,0,0.001
2024-10-09 00:00:00,2621.868,2624.259,2614.848,2617.072,29195,0,0,0.001
2024-10-09 04:00:00,2617.035,2624.321,2609.139,2611.628,29894,0,0,0.001
2024-10-09 08:00:00,2611.669,2622.436,2610.405,2619.022,26556,0,0,0.001
2024-10-09 12:00:00,2619.061,2622.458,2605.189,2614.82,56761,0,0,0.001
2024-10-09 16:00:00,2614.861,2615.874,2605.116,2609.087,25557,0,0,0.001
2024-10-09 20:00:00,2609.138,2609.477,2606.882,2608.476,7200,0,0,0.001
2024-10-10 00:00:00,2608.438,2616.9,2605.904,2611.762,27955,0,0,0.001
2024-10-10 04:00:00,2611.724,2617.13,2610.202,2616.657,24404,0,0,0.001
2024-10-10 08:00:00,2616.695,2618.912,2611.28,2612.98,23218,0,0,0.001
2024-10-10 12:00:00,2613.013,2629.782,2602.26,2623.592,81072,0,0,0.001
2024-10-10 16:00:00,2623.619,2631.371,2616.442,2629.16,31354,0,0,0.001
2024-10-10 20:00:00,2629.135,2636.019,2628.071,2633.149,10128,0,0,0.001
2024-10-11 00:00:00,2633.161,2646.059,2631.952,2645.483,29070,0,0,0.001
2024-10-11 04:00:00,2645.51,2647.209,2638.037,2645.355,23563,0,0,0.001
2024-10-11 08:00:00,2645.317,2646.24,2636.126,2644.635,22408,0,0,0.001
2024-10-11 12:00:00,2644.599,2659.318,2640.61,2658.776,51273,0,0,0.001
2024-10-11 16:00:00,2658.784,2661.462,2655.24,2656.122,22447,0,0,0.001
2024-10-11 20:00:00,2656.16,2657.207,2654.668,2656.864,2826,0,0,0.001
2024-10-13 20:00:00,2650.086,2652.472,2646.866,2648.091,9810,0,0,0.001
2024-10-14 00:00:00,2648.131,2657.455,2643.075,2655.553,30700,0,0,0.001
2024-10-14 04:00:00,2655.553,2666.838,2655.194,2660.395,25998,0,0,0.001
2024-10-14 08:00:00,2660.396,2662.995,2650.987,2652.184,24392,0,0,0.001
2024-10-14 12:00:00,2652.174,2661.162,2643.94,2646.733,48400,0,0,0.001
2024-10-14 16:00:00,2646.795,2652.575,2645.745,2652.395,18337,0,0,0.001
2024-10-14 20:00:00,2652.437,2653.323,2646.075,2649.357,8163,0,0,0.001
2024-10-15 00:00:00,2649.419,2652.776,2644.449,2645.705,24253,0,0,0.001
2024-10-15 04:00:00,2645.743,2653.947,2637.975,2650.758,30721,0,0,0.001
2024-10-15 08:00:00,2650.74,2656.811,2645.604,2647.729,27029,0,0,0.001
2024-10-15 12:00:00,2647.726,2665.187,2646.047,2664.637,59476,0,0,0.001
2024-10-15 16:00:00,2664.673,2668.93,2658.959,2661.602,25836,0,0,0.001
2024-10-15 20:00:00,2661.64,2663.11,2660.269,2660.5,7148,0,0,0.001
2024-10-16 00:00:00,2660.498,2670.18,2658.722,2667.156,28457,0,0,0.001
2024-10-16 04:00:00,2667.12,2677.704,2665.545,2676.115,30660,0,0,0.001
2024-10-16 08:00:00,2676.113,2682.731,2672.923,2678.347,28122,0,0,0.001
2024-10-16 12:00:00,2678.312,2685.394,2667.541,2669.985,59720,0,0,0.001
2024-10-16 16:00:00,2669.943,2676.704,2666.649,2674.69,22534,0,0,0.001
2024-10-16 20:00:00,2674.735,2674.996,2673.078,2674.087,5936,0,0,0.001
2024-10-17 00:00:00,2674.122,2684.943,2674.069,2676.61,30714,0,0,0.001
2024-10-17 04:00:00,2676.663,2685.756,2676.396,2681.953,31909,0,0,0.001
2024-10-17 08:00:00,2681.981,2688.858,2676.949,2681.298,26157,0,0,0.001
2024-10-17 12:00:00,2681.258,2696.788,2673.155,2693.296,71035,0,0,0.001
2024-10-17 16:00:00,2693.365,2694.202,2683.959,2691.954,25857,0,0,0.001
2024-10-17 20:00:00,2692.006,2694.411,2690.967,2693.706,6026,0,0,0.001
2024-10-18 00:00:00,2693.669,2711.964,2692.73,2709.959,35109,0,0,0.001
2024-10-18 04:00:00,2709.944,2714.118,2702.207,2702.272,33040,0,0,0.001
2024-10-18 08:00:00,2702.281,2713.202,2701.682,2709.779,27912,0,0,0.001
2024-10-18 12:00:00,2709.808,2720.195,2704.921,2714.813,57746,0,0,0.001
2024-10-18 16:00:00,2714.846,2721.281,2713.576,2719.624,24980,0,0,0.001
2024-10-18 20:00:00,2719.665,2722.633,2719.181,2721.778,3655,0,0,0.001
2024-10-20 20:00:00,2723.092,2725.145,2720.179,2723.416,7432,0,0,0.001
2024-10-21 00:00:00,2723.457,2732.826,2721.04,2731.512,40036,0,0,0.001
2024-10-21 04:00:00,2731.514,2732.453,2723.554,2730.312,27585,0,0,0.001
2024-10-21 08:00:00,2730.322,2738.128,2727.758,2734.419,31356,0,0,0.001
2024-10-21 12:00:00,2734.458,2740.552,2716.833,2720.119,75009,0,0,0.001
2024-10-21 16:00:00,2720.093,2725.657,2714.204,2719.854,29205,0,0,0.001
2024-10-21 20:00:00,2719.81,2722.592,2718.707,2721.483,7814,0,0,0.001
2024-10-22 00:00:00,2721.483,2733.103,2720.633,2730.987,27138,0,0,0.001
2024-10-22 04:00:00,2730.969,2737.141,2729.015,2733.649,25267,0,0,0.001
2024-10-22 08:00:00,2733.617,2739.39,2729.436,2731.976,29673,0,0,0.001
2024-10-22 12:00:00,2732.01,2744.206,2731.501,2737.562,54793,0,0,0.001
2024-10-22 16:00:00,2737.521,2748.908,2737.144,2748.306,26133,0,0,0.001
2024-10-22 20:00:00,2748.354,2748.863,2745.829,2746.553,7381,0,0,0.001
2024-10-23 00:00:00,2746.557,2747.199,2737.743,2746.054,27038,0,0,0.001
2024-10-23 04:00:00,2746.054,2755.632,2745.347,2754.874,27586,0,0,0.001
2024-10-23 08:00:00,2754.913,2758.508,2749.134,2749.967,26534,0,0,0.001
2024-10-23 12:00:00,2749.932,2750.48,2708.63,2721.726,87067,0,0,0.001
2024-10-23 16:00:00,2721.692,2723.25,2711.933,2716.202,33646,0,0,0.001
2024-10-23 20:00:00,2716.236,2721.885,2714.143,2721.258,9390,0,0,0.001
2024-10-24 00:00:00,2721.219,2726.698,2717.752,2722.877,29656,0,0,0.001
2024-10-24 04:00:00,2722.882,2737.085,2722.805,2733.54,26675,0,0,0.001
2024-10-24 08:00:00,2733.613,2739.683,2732.481,2738.556,24521,0,0,0.001
2024-10-24 12:00:00,2738.464,2743.208,2722.364,2731.099,60840,0,0,0.001
2024-10-24 16:00:00,2731.091,2737.733,2725.694,2736.981,29842,0,0,0.001
2024-10-24 20:00:00,2737.061,2737.144,2733.631,2733.844,6515,0,0,0.001
2024-10-25 00:00:00,2733.885,2735.182,2724.356,2726.041,24443,0,0,0.001
2024-10-25 04:00:00,2726.077,2732.567,2723.863,2726.379,25631,0,0,0.001
2024-10-25 08:00:00,2726.464,2729.391,2716.956,2724.181,30224,0,0,0.001
2024-10-25 12:00:00,2724.208,2742.028,2723.246,2737.131,49379,0,0,0.001
2024-10-25 16:00:00,2737.093,2745.022,2733.858,2742.519,25009,0,0,0.001
2024-10-25 20:00:00,2742.561,2747.774,2742.469,2747.023,4207,0,0,0.001
2024-10-27 20:00:00,2733.443,2740.176,2730.34,2735.815,12776,0,0,0.001
2024-10-28 00:00:00,2735.783,2736.306,2724.631,2729.702,31067,0,0,0.001
2024-10-28 04:00:00,2729.681,2744.51,2729.093,2738.919,26065,0,0,0.001
2024-10-28 08:00:00,2738.926,2740.91,2727.802,2732.319,28680,0,0,0.001
2024-10-28 12:00:00,2732.312,2745.917,2731.171,2740.704,44121,0,0,0.001
2024-10-28 16:00:00,2740.671,2744.983,2739.985,2742.498,21355,0,0,0.001
2024-10-28 20:00:00,2742.464,2744.427,2739.806,2744.427,7496,0,0,0.001
2024-10-29 00:00:00,2744.379,2757.762,2743.203,2751.689,29356,0,0,0.001
2024-10-29 04:00:00,2751.68,2756.866,2748.898,2752.459,24962,0,0,0.001
2024-10-29 08:00:00,2752.499,2756.639,2746.227,2751.807,31149,0,0,0.001
2024-10-29 12:00:00,2751.806,2771.699,2748.142,2764.241,58344,0,0,0.001
2024-10-29 16:00:00,2764.219,2774.76,2764.065,2772.196,28749,0,0,0.001
2024-10-29 20:00:00,2772.165,2775.383,2771.82,2774.915,8008,0,0,0.001
2024-10-30 00:00:00,2774.943,2782.15,2774.778,2778.924,26976,0,0,0.001
2024-10-30 04:00:00,2778.93,2789.821,2777.406,2782.222,24516,0,0,0.001
2024-10-30 08:00:00,2782.257,2786.545,2778.213,2778.58,24868,0,0,0.001
2024-10-30 12:00:00,2778.556,2787.509,2770.804,2784.634,65974,0,0,0.001
2024-10-30 16:00:00,2784.675,2790.075,2782.967,2787.285,25100,0,0,0.001
2024-10-30 20:00:00,2787.333,2788.104,2784.777,2785.49,8685,0,0,0.001
2024-10-31 00:00:00,2785.489,2790.084,2783.554,2784.547,21435,0,0,0.001
2024-10-31 04:00:00,2784.598,2786.563,2778.023,2782.049,25482,0,0,0.001
2024-10-31 08:00:00,2782.027,2783.153,2773.295,2779.413,26331,0,0,0.001
2024-10-31 12:00:00,2779.414,2781.941,2731.515,2740.576,81907,0,0,0.001
2024-10-31 16:00:00,2740.617,2749.747,2738.004,2746.442,32853,0,0,0.001
2024-10-31 20:00:00,2746.471,2748.168,2743.269,2746.691,9590,0,0,0.001
2024-11-01 00:00:00,2746.672,2751.878,2744.782,2751.77,27200,0,0,0.001
2024-11-01 04:00:00,2751.728,2757.66,2747.039,2749.642,22825,0,0,0.001
2024-11-01 08:00:00,2749.627,2755.48,2744.818,2752.873,27156,0,0,0.001
2024-11-01 12:00:00,2752.899,2762.261,2739.674,2744.72,74621,0,0,0.001
2024-11-01 16:00:00,2744.706,2746.184,2733.113,2734.121,30983,0,0,0.001
2024-11-01 20:00:00,2734.077,2736.858,2733.266,2736.69,3639,0,0,0.001
2024-11-03 20:00:00,2732.846,2740.334,2732.568,2738.352,5441,0,0,0.001
2024-11-04 00:00:00,2738.379,2742.401,2735.343,2740.989,26861,0,0,0.001
2024-11-04 04:00:00,2740.952,2744.781,2735.07,2735.837,23518,0,0,0.001
2024-11-04 08:00:00,2735.806,2745.304,2731.807,2740.608,29092,0,0,0.001
2024-11-04 12:00:00,2740.554,2748.215,2737.633,2738.541,44834,0,0,0.001
2024-11-04 16:00:00,2738.511,2739.706,2731.742,2738.308,28762,0,0,0.001
2024-11-04 20:00:00,2738.241,2738.571,2736.001,2736.001,8941,0,0,0.001
2024-11-05 00:00:00,2736.046,2736.677,2724.695,2735.293,27259,0,0,0.001
2024-11-05 04:00:00,2735.24,2741.384,2731.651,2736.532,23091,0,0,0.001
2024-11-05 08:00:00,2736.492,2745.043,2732.09,2741.6,27021,0,0,0.001
2024-11-05 12:00:00,2741.697,2749.917,2732.921,2741.957,43402,0,0,0.001
2024-11-05 16:00:00,2742.001,2744.608,2736.343,2740.513,26406,0,0,0.001
2024-11-05 20:00:00,2740.549,2746.441,2739.617,2745.707,10266,0,0,0.001
2024-11-06 00:00:00,2745.684,2749.681,2730.639,2734.114,62630,0,0,0.001
2024-11-06 04:00:00,2734.126,2743.708,2701.319,2725.963,78290,0,0,0.001
2024-11-06 08:00:00,2725.921,2733.79,2696.018,2699.312,54371,0,0,0.001
2024-11-06 12:00:00,2699.272,2708.066,2652.335,2675.715,122041,0,0,0.001
2024-11-06 16:00:00,2675.752,2678.273,2661.563,2667.084,42782,0,0,0.001
2024-11-06 20:00:00,2667.057,2667.719,2658.958,2664.048,12996,0,0,0.001
2024-11-07 00:00:00,2664.035,2664.261,2643.217,2659.179,41831,0,0,0.001
2024-11-07 04:00:00,2659.199,2667.596,2652.794,2663.268,30988,0,0,0.001
2024-11-07 08:00:00,2663.349,2668.432,2657.381,2666.159,30359,0,0,0.001
2024-11-07 12:00:00,2666.266,2700.16,2664.276,2698.698,61956,0,0,0.001
2024-11-07 16:00:00,2698.687,2700.29,2687.476,2694.266,52360,0,0,0.001
2024-11-07 20:00:00,2694.308,2710.317,2692.85,2706.866,22083,0,0,0.001
2024-11-08 00:00:00,2706.87,2710.418,2694.034,2695.113,31600,0,0,0.001
2024-11-08 04:00:00,2695.104,2696.362,2680.286,2687.362,28831,0,0,0.001
2024-11-08 08:00:00,2687.395,2694.977,2681.933,2691.912,37361,0,0,0.001
2024-11-08 12:00:00,2691.937,2704.061,2683.379,2687.552,60386,0,0,0.001
2024-11-08 16:00:00,2687.503,2689.283,2682.837,2687.057,32111,0,0,0.001
2024-11-08 20:00:00,2687.023,2688.549,2682.936,2684.758,10759,0,0,0.001
2024-11-10 20:00:00,2683.161,2685.65,2681.526,2685.605,3709,0,0,0.001
2024-11-11 00:00:00,2685.638,2686.141,2666.444,2670.269,32761,0,0,0.001
2024-11-11 04:00:00,2670.272,2674.282,2666.909,2669.561,26203,0,0,0.001
2024-11-11 08:00:00,2669.516,2675.377,2658.928,2662.647,34722,0,0,0.001
2024-11-11 12:00:00,2662.672,2663.232,2613.39,2614.599,75337,0,0,0.001
2024-11-11 16:00:00,2614.558,2620.672,2610.53,2619.266,30790,0,0,0.001
2024-11-11 20:00:00,2619.291,2626.187,2619.233,2624.038,10884,0,0,0.001
2024-11-12 00:00:00,2624.026,2627.162,2618.717,2618.924,28402,0,0,0.001
2024-11-12 04:00:00,2618.875,2619.084,2595.148,2598.237,43181,0,0,0.001
2024-11-12 08:00:00,2598.273,2606.511,2589.596,2597.845,45558,0,0,0.001
2024-11-12 12:00:00,2597.82,2617.068,2597.387,2598.437,68161,0,0,0.001
2024-11-12 16:00:00,2598.479,2604.193,2592.43,2598.191,36852,0,0,0.001
2024-11-12 20:00:00,2598.166,2601.387,2595.103,2598.956,11779,0,0,0.001
2024-11-13 00:00:00,2599.011,2613.307,2598.002,2611.562,28720,0,0,0.001
2024-11-13 04:00:00,2611.579,2612.405,2603.49,2606.145,25153,0,0,0.001
2024-11-13 08:00:00,2606.115,2611.665,2601.031,2610.789,29160,0,0,0.001
2024-11-13 12:00:00,2610.826,2618.841,2593.548,2605.385,74592,0,0,0.001
2024-11-13 16:00:00,2605.341,2605.975,2577.507,2581.004,48397,0,0,0.001
2024-11-13 20:00:00,2580.971,2581.41,2569.214,2570.989,20840,0,0,0.001
2024-11-14 00:00:00,2571.012,2574.76,2558.875,2560.708,34167,0,0,0.001
2024-11-14 04:00:00,2560.718,2565.256,2550.361,2557.014,33088,0,0,0.001
2024-11-14 08:00:00,2556.972,2559.783,2536.755,2553.579,46063,0,0,0.001
2024-11-14 12:00:00,2553.621,2572.991,2550.036,2570.179,71258,0,0,0.001
2024-11-14 16:00:00,2570.203,2577.447,2567.086,2575.97,35223,0,0,0.001
2024-11-14 20:00:00,2575.981,2576.532,2563.866,2566.899,23459,0,0,0.001
2024-11-15 00:00:00,2566.888,2571.677,2563.027,2567.756,25396,0,0,0.001
2024-11-15 04:00:00,2567.719,2569.538,2554.406,2563.705,26197,0,0,0.001
2024-11-15 08:00:00,2563.692,2573.393,2560.846,2570.781,33454,0,0,0.001
2024-11-15 12:00:00,2570.8,2576.06,2561.197,2570.733,72485,0,0,0.001
2024-11-15 16:00:00,2570.742,2573.291,2559.421,2563.849,35448,0,0,0.001
2024-11-15 20:00:00,2563.849,2563.862,2559.758,2562.969,9829,0,0,0.001
2024-11-17 20:00:00,2568.027,2575.523,2568.027,2571.441,5698,0,0,0.001
2024-11-18 00:00:00,2571.403,2597.414,2569.866,2589.899,41744,0,0,0.001
2024-11-18 04:00:00,2589.903,2593.197,2580.42,2582.838,28043,0,0,0.001
2024-11-18 08:00:00,2582.796,2597.296,2582.007,2594.413,34586,0,0,0.001
2024-11-18 12:00:00,2594.322,2613.346,2590.358,2612.936,48707,0,0,0.001
2024-11-18 16:00:00,2612.972,2615.104,2607.333,2609.849,26972,0,0,0.001
2024-11-18 20:00:00,2609.805,2613.107,2608.192,2612.704,10629,0,0,0.001
2024-11-19 00:00:00,2612.731,2625.579,2611.057,2624.435,28327,0,0,0.001
2024-11-19 04:00:00,2624.456,2626.651,2617.662,2619.057,25818,0,0,0.001
2024-11-19 08:00:00,2619.021,2636.476,2618.674,2629.639,40578,0,0,0.001
2024-11-19 12:00:00,2629.667,2639.473,2620.912,2624.443,62962,0,0,0.001
2024-11-19 16:00:00,2624.478,2633.144,2622.295,2630.665,30888,0,0,0.001
2024-11-19 20:00:00,2630.714,2635.554,2630.414,2635.166,10907,0,0,0.001
2024-11-20 00:00:00,2635.157,2641.847,2634.686,2637.977,24673,0,0,0.001
2024-11-20 04:00:00,2638.012,2638.805,2621.232,2621.591,27493,0,0,0.001
2024-11-20 08:00:00,2621.555,2628.131,2618.864,2628.085,29884,0,0,0.001
2024-11-20 12:00:00,2628.123,2648.932,2627.065,2648.81,45060,0,0,0.001
2024-11-20 16:00:00,2648.808,2655.433,2645.357,2650.872,32628,0,0,0.001
2024-11-20 20:00:00,2650.841,2652.937,2647.27,2652.124,13107,0,0,0.001
2024-11-21 00:00:00,2652.153,2660.466,2650.325,2656.901,24819,0,0,0.001
2024-11-21 04:00:00,2656.873,2664.723,2654.62,2663.099,22976,0,0,0.001
2024-11-21 08:00:00,2663.06,2673.522,2662.009,2671.448,30302,0,0,0.001
2024-11-21 12:00:00,2671.491,2671.816,2660.354,2667.636,54495,0,0,0.001
2024-11-21 16:00:00,2667.674,2673.516,2661.306,2669.684,35108,0,0,0.001
2024-11-21 20:00:00,2669.718,2671.906,2668.058,2669.159,11994,0,0,0.001
2024-11-22 00:00:00,2669.127,2690.519,2668.853,2686.153,30100,0,0,0.001
2024-11-22 04:00:00,2686.186,2698.953,2682.969,2696.457,31168,0,0,0.001
2024-11-22 08:00:00,2696.488,2710.127,2693.554,2698.867,45223,0,0,0.001
2024-11-22 12:00:00,2698.826,2705.048,2684.404,2703.716,64475,0,0,0.001
2024-11-22 16:00:00,2703.738,2711.457,2700.807,2708.221,31752,0,0,0.001
2024-11-22 20:00:00,2708.18,2715.658,2705.085,2715.573,11591,0,0,0.001
2024-11-24 20:00:00,2711.186,2721.405,2710.748,2719.756,8444,0,0,0.001
2024-11-25 00:00:00,2719.727,2720.136,2658.997,2672.236,68041,0,0,0.001
2024-11-25 04:00:00,2672.191,2676.375,2658.188,2667.774,54497,0,0,0.001
2024-11-25 08:00:00,2667.809,2688.768,2667.098,2686.776,36818,0,0,0.001
2024-11-25 12:00:00,2686.806,2687.863,2626.221,2628.404,97043,0,0,0.001
2024-11-25 16:00:00,2628.435,2639.392,2615.519,2625.804,46671,0,0,0.001
2024-11-25 20:00:00,2625.83,2628.739,2605.112,2610.461,21720,0,0,0.001
2024-11-26 00:00:00,2610.527,2632.216,2608.451,2630.376,48567,0,0,0.001
2024-11-26 04:00:00,2630.336,2631.451,2610.831,2614.036,32365,0,0,0.001
2024-11-26 08:00:00,2614.07,2633.226,2612.417,2633.192,37929,0,0,0.001
2024-11-26 12:00:00,2633.249,2641.993,2616.664,2629.512,66499,0,0,0.001
2024-11-26 16:00:00,2629.51,2631.485,2619.498,2628.025,34264,0,0,0.001
2024-11-26 20:00:00,2628.065,2634.151,2627.429,2632.254,12171,0,0,0.001
2024-11-27 00:00:00,2632.253,2640.487,2627.017,2637.722,26763,0,0,0.001
2024-11-27 04:00:00,2637.728,2648.503,2636.555,2646.625,26398,0,0,0.001
2024-11-27 08:00:00,2646.54,2653.89,2643.187,2651.103,29706,0,0,0.001
2024-11-27 12:00:00,2651.115,2658.206,2635.528,2642.596,56708,0,0,0.001
2024-11-27 16:00:00,2642.651,2644.288,2633.693,2634.706,32504,0,0,0.001
2024-11-27 20:00:00,2634.755,2639.03,2634.222,2637.168,10233,0,0,0.001
2024-11-28 00:00:00,2637.063,2638.432,2620.844,2630.275,35991,0,0,0.001
2024-11-28 04:00:00,2630.286,2639.628,2629.305,2637.344,22447,0,0,0.001
2024-11-28 08:00:00,2637.275,2649.674,2635.668,2646.884,23689,0,0,0.001
2024-11-28 12:00:00,2646.881,2647.975,2636.215,2638.104,28632,0,0,0.001
2024-11-28 16:00:00,2638.07,2642.458,2637.496,2640.597,9110,0,0,0.001
2024-11-28 20:00:00,2638.68,2639.268,2637.144,2638.767,2369,0,0,0.001
2024-11-29 00:00:00,2638.726,2662.802,2633.969,2660.047,34686,0,0,0.001
2024-11-29 04:00:00,2660.02,2666.383,2658.323,2660.522,26060,0,0,0.001
2024-11-29 08:00:00,2660.557,2665.917,2654.471,2659.61,27692,0,0,0.001
2024-11-29 12:00:00,2659.651,2664.969,2650.537,2658.946,45761,0,0,0.001
2024-11-29 16:00:00,2659.002,2662.276,2655.23,2655.23,20074,0,0,0.001
2024-12-01 20:00:00,2649.054,2650.324,2643.053,2645.659,5596,0,0,0.001
2024-12-02 00:00:00,2645.756,2647.667,2622.897,2629.272,52654,0,0,0.001
2024-12-02 04:00:00,2629.235,2633.664,2621.838,2629.898,32633,0,0,0.001
2024-12-02 08:00:00,2629.859,2646.37,2626.514,2641.885,38216,0,0,0.001
2024-12-02 12:00:00,2641.837,2651.794,2637.048,2642.318,56313,0,0,0.001
2024-12-02 16:00:00,2642.359,2644.372,2633.546,2637.611,32830,0,0,0.001
2024-12-02 20:00:00,2637.577,2644.237,2635.267,2642.211,13771,0,0,0.001
2024-12-03 00:00:00,2642.228,2645.325,2634.033,2640.427,29942,0,0,0.001
2024-12-03 04:00:00,2640.441,2650.066,2637.08,2644.622,27142,0,0,0.001
2024-12-03 08:00:00,2644.597,2648.055,2639.169,2643.663,31275,0,0,0.001
2024-12-03 12:00:00,2643.671,2655.665,2635.181,2640.435,52988,0,0,0.001
2024-12-03 16:00:00,2640.444,2649.164,2638.837,2640.998,31751,0,0,0.001
2024-12-03 20:00:00,2640.936,2644.226,2640.626,2642.721,10227,0,0,0.001
2024-12-04 00:00:00,2642.725,2648.093,2637.626,2644.501,26538,0,0,0.001
2024-12-04 04:00:00,2644.48,2651.403,2640.334,2641.353,24343,0,0,0.001
2024-12-04 08:00:00,2641.321,2647.735,2636.59,2646.168,29558,0,0,0.001
2024-12-04 12:00:00,2646.203,2657.184,2632.33,2655.035,62377,0,0,0.001
2024-12-04 16:00:00,2654.984,2655.581,2646.825,2651.711,34295,0,0,0.001
2024-12-04 20:00:00,2651.679,2651.962,2648.066,2650.397,11159,0,0,0.001
2024-12-05 00:00:00,2650.404,2650.717,2644.575,2648.882,22600,0,0,0.001
2024-12-05 04:00:00,2648.866,2655.518,2645.325,2648.575,25350,0,0,0.001
2024-12-05 08:00:00,2648.622,2652.714,2641.821,2651.307,25208,0,0,0.001
2024-12-05 12:00:00,2651.351,2654.517,2631.775,2640.256,52123,0,0,0.001
2024-12-05 16:00:00,2640.271,2643.395,2623.444,2629.8,37848,0,0,0.001
2024-12-05 20:00:00,2629.774,2633.832,2627.936,2633.713,10562,0,0,0.001
2024-12-06 00:00:00,2633.721,2642.591,2612.931,2640.877,39581,0,0,0.001
2024-12-06 04:00:00,2640.875,2644.577,2635.313,2639.682,26982,0,0,0.001
2024-12-06 08:00:00,2639.655,2645.733,2632.344,2638.48,26404,0,0,0.001
2024-12-06 12:00:00,2638.401,2643.536,2624.019,2637.53,79112,0,0,0.001
2024-12-06 16:00:00,2637.563,2641.654,2632.93,2634.544,27803,0,0,0.001
2024-12-06 20:00:00,2634.661,2636.145,2630.872,2632.92,5061,0,0,0.001
2024-12-08 20:00:00,2642.963,2648.524,2636.316,2640.064,8040,0,0,0.001
2024-12-09 00:00:00,2640.064,2650.585,2627.461,2638.889,41946,0,0,0.001
2024-12-09 04:00:00,2638.842,2651.245,2634.553,2650.49,29868,0,0,0.001
2024-12-09 08:00:00,2650.523,2660.411,2646.094,2656.227,30090,0,0,0.001
2024-12-09 12:00:00,2656.184,2676.445,2653.342,2668.257,53407,0,0,0.001
2024-12-09 16:00:00,2668.221,2670.569,2658.859,2660.166,30201,0,0,0.001
2024-12-09 20:00:00,2660.205,2661.677,2656.649,2660.449,11452,0,0,0.001
2024-12-10 00:00:00,2660.489,2671.782,2657.958,2669.918,31888,0,0,0.001
2024-12-10 04:00:00,2669.942,2673.859,2663.632,2664.689,25170,0,0,0.001
2024-12-10 08:00:00,2664.615,2676.839,2661.123,2674.496,33630,0,0,0.001
2024-12-10 12:00:00,2674.539,2691.777,2672.308,2687.446,51043,0,0,0.001
2024-12-10 16:00:00,2687.446,2695.523,2684.553,2692.011,27852,0,0,0.001
2024-12-10 20:00:00,2691.976,2698.378,2690.877,2695.986,11185,0,0,0.001
2024-12-11 00:00:00,2695.911,2704.348,2692.339,2695.704,49392,0,0,0.001
2024-12-11 04:00:00,2695.647,2698.242,2675.566,2690.644,83494,0,0,0.001
2024-12-11 08:00:00,2690.435,2699.761,2686.211,2696.439,17750,0,0,0.001
2024-12-11 12:00:00,2696.56,2715.932,2690.667,2713.101,14561,0,0,0.001
2024-12-11 16:00:00,2713.213,2721.052,2711.186,2717.943,13299,0,0,0.001
2024-12-11 20:00:00,2718.147,2720.433,2716.054,2719.922,6708,0,0,0.001
2024-12-12 00:00:00,2719.984,2726.206,2700.251,2710.489,12013,0,0,0.001
2024-12-12 04:00:00,2710.508,2720.396,2709.689,2716.047,11357,0,0,0.001
2024-12-12 08:00:00,2716.219,2719.428,2707.31,2710.934,13540,0,0,0.001
2024-12-12 12:00:00,2710.997,2712.392,2675.077,2679.785,16887,0,0,0.001
2024-12-12 16:00:00,2679.597,2687.04,2677.248,2683.133,13116,0,0,0.001
2024-12-12 20:00:00,2683.187,2683.576,2679.455,2680.623,6834,0,0,0.001
2024-12-13 00:00:00,2680.617,2692.778,2678.871,2688.121,12463,0,0,0.001
2024-12-13 04:00:00,2687.967,2690.527,2681.111,2683.202,11918,0,0,0.001
2024-12-13 08:00:00,2682.994,2684.782,2664.39,2664.993,13272,0,0,0.001
2024-12-13 12:00:00,2664.8,2672.882,2654.563,2659.888,15012,0,0,0.001
2024-12-13 16:00:00,2659.826,2664.566,2652.134,2653.041,12336,0,0,0.001
2024-12-13 20:00:00,2652.973,2653.53,2646.046,2648.392,5304,0,0,0.001
2024-12-15 20:00:00,2649.414,2653.127,2648.793,2651.479,1933,0,0,0.001
2024-12-16 00:00:00,2651.484,2655.611,2643.523,2653.871,11540,0,0,0.001
2024-12-16 04:00:00,2653.874,2655.868,2649.545,2653.687,10613,0,0,0.001
2024-12-16 08:00:00,2653.536,2664.168,2652.31,2663.542,24255,0,0,0.001
2024-12-16 12:00:00,2663.579,2664.447,2650.833,2654.472,40262,0,0,0.001
2024-12-16 16:00:00,2654.438,2655.784,2648.507,2653.299,22758,0,0,0.001
2024-12-16 20:00:00,2653.258,2653.634,2651.46,2651.744,8902,0,0,0.001
2024-12-17 00:00:00,2651.762,2658.639,2651.121,2653.616,21590,0,0,0.001
2024-12-17 04:00:00,2653.578,2657.093,2646.417,2653.753,23136,0,0,0.001
2024-12-17 08:00:00,2653.727,2653.776,2636.207,2642.187,34970,0,0,0.001
2024-12-17 12:00:00,2642.208,2646.968,2632.966,2640.166,48254,0,0,0.001
2024-12-17 16:00:00,2640.241,2649.079,2636.629,2645.385,24365,0,0,0.001
2024-12-17 20:00:00,2645.427,2647.681,2643.083,2647.378,9055,0,0,0.001
2024-12-18 00:00:00,2647.365,2651.746,2645.229,2645.669,20927,0,0,0.001
2024-12-18 04:00:00,2645.632,2649.551,2642.692,2644.61,19894,0,0,0.001
2024-12-18 08:00:00,2644.585,2649.734,2642.074,2646.096,21451,0,0,0.001
2024-12-18 12:00:00,2646.112,2647.718,2633.694,2638.145,33589,0,0,0.001
2024-12-18 16:00:00,2638.109,2639.991,2604.02,2604.543,48173,0,0,0.001
2024-12-18 20:00:00,2604.581,2609.313,2583.39,2588.225,40642,0,0,0.001
2024-12-19 00:00:00,2588.256,2618.16,2587.957,2610.455,41734,0,0,0.001
2024-12-19 04:00:00,2610.479,2622.7,2603.296,2616.5,28790,0,0,0.001
2024-12-19 08:00:00,2616.543,2626.43,2613.213,2616.81,31562,0,0,0.001
2024-12-19 12:00:00,2616.771,2616.791,2586.951,2588.446,60191,0,0,0.001
2024-12-19 16:00:00,2588.422,2600.983,2587.134,2596.791,34220,0,0,0.001
2024-12-19 20:00:00,2596.832,2600.343,2592.307,2593.519,12270,0,0,0.001
2024-12-20 00:00:00,2593.496,2603.993,2589.593,2598.471,29013,0,0,0.001
2024-12-20 04:00:00,2598.467,2607.516,2596.422,2606.253,21703,0,0,0.001
2024-12-20 08:00:00,2606.297,2607.743,2600.041,2603.694,26078,0,0,0.001
2024-12-20 12:00:00,2603.668,2631.201,2600.34,2630.314,52547,0,0,0.001
2024-12-20 16:00:00,2630.351,2631.875,2622.142,2627.881,38384,0,0,0.001
2024-12-20 20:00:00,2627.845,2628.118,2619.202,2622.643,10932,0,0,0.001
2024-12-22 20:00:00,2623.329,2624.907,2621.731,2624.293,1858,0,0,0.001
2024-12-23 00:00:00,2624.399,2627.443,2617.499,2624.095,11169,0,0,0.001
2024-12-23 04:00:00,2624.118,2633.259,2623.862,2630.23,10459,0,0,0.001
2024-12-23 08:00:00,2630.184,2632.129,2612.959,2616.26,26236,0,0,0.001
2024-12-23 12:00:00,2616.292,2619.898,2609.214,2609.762,36768,0,0,0.001
2024-12-23 16:00:00,2609.798,2616.609,2608.117,2611.084,29858,0,0,0.001
2024-12-23 20:00:00,2611.129,2617.04,2609.147,2615.492,9382,0,0,0.001
2024-12-24 00:00:00,2615.546,2619.903,2613.501,2618.697,18420,0,0,0.001
2024-12-24 04:00:00,2618.729,2621.472,2616.422,2618.456,17693,0,0,0.001
2024-12-24 08:00:00,2618.519,2619.806,2612.406,2615.152,18361,0,0,0.001
2024-12-24 12:00:00,2615.199,2617.266,2610.019,2611.666,28437,0,0,0.001
2024-12-24 16:00:00,2611.711,2619.335,2611.492,2616.713,17928,0,0,0.001
2024-12-25 20:00:00,2615.621,2620.115,2615.371,2618.656,2409,0,0,0.001
2024-12-26 00:00:00,2618.647,2629.081,2618.611,2626.893,18358,0,0,0.001
2024-12-26 04:00:00,2626.893,2629.713,2623.597,2625.413,15753,0,0,0.001
2024-12-26 08:00:00,2625.398,2630.019,2625.111,2627.882,16233,0,0,0.001
2024-12-26 12:00:00,2627.855,2639.177,2621.718,2636.479,31092,0,0,0.001
2024-12-26 16:00:00,2636.527,2636.838,2627.885,2634.95,24419,0,0,0.001
2024-12-26 20:00:00,2634.873,2636.162,2624.659,2632.684,12223,0,0,0.001
2024-12-27 00:00:00,2632.689,2635.512,2628.886,2633.705,19880,0,0,0.001
2024-12-27 04:00:00,2633.744,2638.314,2631.256,2633.638,18820,0,0,0.001
2024-12-27 08:00:00,2633.599,2633.599,2623.452,2628.642,21111,0,0,0.001
2024-12-27 12:00:00,2628.638,2631.575,2611.579,2618.134,40814,0,0,0.001
2024-12-27 16:00:00,2618.174,2621.394,2614.083,2620.685,25136,0,0,0.001
2024-12-27 20:00:00,2620.719,2621.98,2612.726,2621.623,9798,0,0,0.001
2024-12-29 20:00:00,2621.977,2626.159,2621.632,2624.035,4005,0,0,0.001
2024-12-30 00:00:00,2624.08,2628.111,2621.453,2626.579,20525,0,0,0.001
2024-12-30 04:00:00,2626.567,2626.567,2615.813,2616.784,19134,0,0,0.001
2024-12-30 08:00:00,2616.758,2618.71,2609.092,2616.332,23474,0,0,0.001
2024-12-30 12:00:00,2616.332,2622.635,2599.597,2601.599,41096,0,0,0.001
2024-12-30 16:00:00,2601.613,2608.39,2596.07,2607.122,27637,0,0,0.001
2024-12-30 20:00:00,2607.169,2609.533,2603.86,2606.677,9463,0,0,0.001
2024-12-31 00:00:00,2606.717,2611.606,2603.507,2604.613,16537,0,0,0.001
2024-12-31 04:00:00,2604.612,2614.143,2602.591,2613.694,17712,0,0,0.001
2024-12-31 08:00:00,2613.735,2617.796,2609.714,2611.051,20687,0,0,0.001
2024-12-31 12:00:00,2611.016,2626.638,2605.303,2625.656,35132,0,0,0.001
2024-12-31 16:00:00,2625.632,2627.541,2622.165,2623.872,26082,0,0,0.001
2024-12-31 20:00:00,2623.84,2625.002,2622.19,2624.381,6128,0,0,0.001
2025-01-01 20:00:00,2625.179,2625.839,2621.668,2623.766,3104,0,0,0.001
2025-01-02 00:00:00,2623.798,2636.54,2622.754,2633.644,25868,0,0,0.001
2025-01-02 04:00:00,2633.633,2636.492,2631.05,2635.915,17573,0,0,0.001
2025-01-02 08:00:00,2635.953,2646.379,2631.094,2641.976,27584,0,0,0.001
2025-01-02 12:00:00,2641.977,2655.876,2636.046,2654.11,46722,0,0,0.001
2025-01-02 16:00:00,2654.062,2660.457,2650.035,2654.74,32316,0,0,0.001
2025-01-02 20:00:00,2654.775,2660.463,2654.151,2658.327,11215,0,0,0.001
2025-01-03 00:00:00,2658.328,2665.253,2656.109,2662.288,22345,0,0,0.001
2025-01-03 04:00:00,2662.255,2664.409,2651.924,2654.195,19284,0,0,0.001
2025-01-03 08:00:00,2654.164,2659.258,2649.89,2658.361,20847,0,0,0.001
2025-01-03 12:00:00,2657.003,2657.461,2640.927,2643.842,37853,0,0,0.001
2025-01-03 16:00:00,2643.812,2647.264,2638.954,2639.43,25214,0,0,0.001
2025-01-03 20:00:00,2639.398,2640.74,2636.623,2640.37,7935,0,0,0.001
2025-01-05 20:00:00,2639.644,2642.398,2639.644,2641.063,3236,0,0,0.001
2025-01-06 00:00:00,2641.098,2647.426,2638.596,2640.19,23599,0,0,0.001
2025-01-06 04:00:00,2640.203,2640.824,2625.058,2626.922,25081,0,0,0.001
2025-01-06 08:00:00,2626.852,2649.515,2625.764,2645.588,32041,0,0,0.001
2025-01-06 12:00:00,2645.553,2648.848,2614.419,2634.392,76185,0,0,0.001
2025-01-06 16:00:00,2634.425,2641.378,2632.506,2634.376,28707,0,0,0.001
2025-01-06 20:00:00,2634.41,2637.131,2633.132,2634.676,9180,0,0,0.001
2025-01-07 00:00:00,2634.625,2641.146,2632.918,2639.563,19312,0,0,0.001
2025-01-07 04:00:00,2639.56,2646.757,2637.02,2640.487,20102,0,0,0.001
2025-01-07 08:00:00,2640.444,2648.689,2640.044,2648.389,20886,0,0,0.001
2025-01-07 12:00:00,2648.348,2664.264,2641.932,2647.7,58105,0,0,0.001
2025-01-07 16:00:00,2647.613,2656.021,2646.383,2649.246,41307,0,0,0.001
2025-01-07 20:00:00,2649.294,2651.487,2647.173,2649.807,11111,0,0,0.001
2025-01-08 00:00:00,2649.817,2651.512,2645.569,2646.752,18999,0,0,0.001
2025-01-08 04:00:00,2646.728,2654.452,2645.202,2652.619,17543,0,0,0.001
2025-01-08 08:00:00,2652.651,2655.158,2647.574,2650.918,23385,0,0,0.001
2025-01-08 12:00:00,2650.83,2667.835,2645.847,2665.818,50256,0,0,0.001
2025-01-08 16:00:00,2665.84,2670.053,2649.39,2658.333,38678,0,0,0.001
2025-01-08 20:00:00,2658.366,2664.059,2658.276,2662.507,13636,0,0,0.001
2025-01-09 00:00:00,2662.526,2662.85,2656.241,2659.369,17659,0,0,0.001
2025-01-09 04:00:00,2659.335,2666.973,2655.437,2662.45,18719,0,0,0.001
2025-01-09 08:00:00,2662.418,2673.299,2660.468,2670.266,27412,0,0,0.001
2025-01-09 12:00:00,2670.249,2678.333,2667.196,2668.326,36009,0,0,0.001
2025-01-09 16:00:00,2668.32,2672.51,2662.644,2670.19,27872,0,0,0.001
2025-01-09 20:00:00,2670.154,2671.332,2668.492,2669.951,8293,0,0,0.001
2025-01-10 00:00:00,2669.958,2674.771,2668.973,2673.658,18531,0,0,0.001
2025-01-10 04:00:00,2673.631,2678.751,2671.588,2676.146,19610,0,0,0.001
2025-01-10 08:00:00,2676.181,2683.088,2675.713,2681.402,31107,0,0,0.001
2025-01-10 12:00:00,2681.363,2698.026,2663.994,2692.651,119956,0,0,0.001
2025-01-10 16:00:00,2692.614,2697.953,2684.547,2685.855,67804,0,0,0.001
2025-01-10 20:00:00,2685.89,2693.773,2684.478,2689.589,16885,0,0,0.001
2025-01-12 20:00:00,2689.769,2691.373,2687.578,2691.105,5107,0,0,0.001
2025-01-13 00:00:00,2691.128,2693.368,2679.294,2687.897,37472,0,0,0.001
2025-01-13 04:00:00,2687.934,2691.323,2683.274,2685.102,36351,0,0,0.001
2025-01-13 08:00:00,2685.074,2689.77,2675.449,2675.952,48648,0,0,0.001
2025-01-13 12:00:00,2675.911,2677.164,2661.092,2661.867,88970,0,0,0.001
2025-01-13 16:00:00,2661.792,2668.0,2656.768,2658.898,39425,0,0,0.001
2025-01-13 20:00:00,2658.959,2669.455,2658.734,2668.058,12736,0,0,0.001
2025-01-14 00:00:00,2667.976,2672.307,2666.397,2669.78,29901,0,0,0.001
2025-01-14 04:00:00,2669.818,2675.37,2667.145,2669.154,27782,0,0,0.001
2025-01-14 08:00:00,2669.196,2674.455,2664.453,2669.331,32446,0,0,0.001
2025-01-14 12:00:00,2669.287,2674.422,2659.802,2671.779,63773,0,0,0.001
2025-01-14 16:00:00,2671.826,2676.308,2666.677,2674.245,34395,0,0,0.001
2025-01-14 20:00:00,2674.209,2678.277,2671.826,2675.589,13358,0,0,0.001
2025-01-15 00:00:00,2675.58,2676.321,2669.391,2676.091,18785,0,0,0.001
2025-01-15 04:00:00,2676.052,2684.033,2674.183,2681.313,22665,0,0,0.001
2025-01-15 08:00:00,2681.357,2689.064,2681.152,2686.779,33004,0,0,0.001
2025-01-15 12:00:00,2686.748,2696.056,2676.64,2678.475,89186,0,0,0.001
2025-01-15 16:00:00,2678.512,2695.127,2676.925,2694.181,42424,0,0,0.001
2025-01-15 20:00:00,2694.142,2697.97,2693.239,2694.963,13132,0,0,0.001
2025-01-16 00:00:00,2694.98,2702.2,2692.857,2697.193,35128,0,0,0.001
2025-01-16 04:00:00,2697.145,2699.964,2689.907,2698.271,26723,0,0,0.001
2025-01-16 08:00:00,2698.313,2711.175,2697.129,2706.412,36053,0,0,0.001
2025-01-16 12:00:00,2706.416,2719.718,2700.044,2716.874,81442,0,0,0.001
2025-01-16 16:00:00,2716.93,2724.74,2714.646,2715.346,47641,0,0,0.001
2025-01-16 20:00:00,2715.368,2717.037,2712.401,2714.578,12939,0,0,0.001
2025-01-17 00:00:00,2714.624,2717.346,2709.834,2715.433,25829,0,0,0.001
2025-01-17 04:00:00,2715.476,2716.515,2708.585,2710.521,27838,0,0,0.001
2025-01-17 08:00:00,2710.577,2712.991,2702.831,2708.041,31158,0,0,0.001
2025-01-17 12:00:00,2708.002,2715.141,2702.757,2714.243,50828,0,0,0.001
2025-01-17 16:00:00,2714.256,2717.261,2702.88,2703.175,22182,0,0,0.001
2025-01-17 20:00:00,2703.189,2704.088,2699.242,2702.879,7296,0,0,0.001
2025-01-19 20:00:00,2702.629,2703.084,2691.53,2696.424,4805,0,0,0.001
2025-01-20 00:00:00,2696.424,2703.951,2689.355,2703.554,21549,0,0,0.001
2025-01-20 04:00:00,2703.559,2713.766,2702.279,2703.592,18144,0,0,0.001
2025-01-20 08:00:00,2703.571,2712.478,2703.009,2708.337,19759,0,0,0.001
2025-01-20 12:00:00,2708.297,2711.908,2701.979,2707.065,55310,0,0,0.001
2025-01-20 16:00:00,2707.063,2711.161,2703.149,2709.059,25843,0,0,0.001
2025-01-20 20:00:00,2708.347,2711.005,2706.593,2710.445,2937,0,0,0.001
2025-01-21 00:00:00,2710.433,2726.946,2702.797,2724.196,33846,0,0,0.001
2025-01-21 04:00:00,2724.221,2732.83,2722.695,2729.729,24441,0,0,0.001
2025-01-21 08:00:00,2729.701,2730.072,2716.509,2723.998,34581,0,0,0.001
2025-01-21 12:00:00,2723.989,2740.384,2722.031,2738.776,40842,0,0,0.001
2025-01-21 16:00:00,2738.792,2745.963,2737.811,2742.838,23488,0,0,0.001
2025-01-21 20:00:00,2742.819,2745.863,2740.084,2744.259,12488,0,0,0.001
2025-01-22 00:00:00,2744.309,2751.084,2742.713,2750.266,32889,0,0,0.001
2025-01-22 04:00:00,2750.238,2758.831,2745.549,2748.781,36501,0,0,0.001
2025-01-22 08:00:00,2748.818,2763.457,2746.77,2756.534,38307,0,0,0.001
2025-01-22 12:00:00,2756.572,2761.606,2750.329,2759.351,69077,0,0,0.001
2025-01-22 16:00:00,2759.389,2760.27,2754.885,2755.309,32283,0,0,0.001
2025-01-22 20:00:00,2755.269,2757.127,2753.88,2755.583,11986,0,0,0.001
2025-01-23 00:00:00,2755.563,2756.3,2749.503,2749.972,30262,0,0,0.001
2025-01-23 04:00:00,2750.023,2755.566,2749.772,2752.683,31157,0,0,0.001
2025-01-23 08:00:00,2752.735,2754.789,2740.844,2751.898,38789,0,0,0.001
2025-01-23 12:00:00,2751.873,2753.386,2735.77,2746.424,76072,0,0,0.001
2025-01-23 16:00:00,2746.351,2758.966,2744.199,2754.173,43267,0,0,0.001
2025-01-23 20:00:00,2754.13,2755.636,2751.306,2754.543,15430,0,0,0.001
2025-01-24 00:00:00,2754.546,2777.446,2754.329,2772.308,43077,0,0,0.001
2025-01-24 04:00:00,2772.28,2778.369,2770.527,2772.675,39082,0,0,0.001
2025-01-24 08:00:00,2772.716,2780.193,2769.954,2776.617,35617,0,0,0.001
2025-01-24 12:00:00,2776.712,2786.013,2773.723,2775.973,58226,0,0,0.001
2025-01-24 16:00:00,2775.918,2777.564,2769.894,2774.628,36541,0,0,0.001
2025-01-24 20:00:00,2774.643,2774.798,2770.454,2771.079,9528,0,0,0.001
2025-01-26 20:00:00,2765.65,2769.721,2765.185,2767.553,8225,0,0,0.001
2025-01-27 00:00:00,2767.554,2772.541,2753.871,2761.117,45529,0,0,0.001
2025-01-27 04:00:00,2761.066,2761.075,2747.189,2749.478,39633,0,0,0.001
2025-01-27 08:00:00,2749.436,2772.108,2749.291,2771.246,57121,0,0,0.001
2025-01-27 12:00:00,2771.3,2771.626,2739.499,2742.084,70861,0,0,0.001
2025-01-27 16:00:00,2742.052,2743.173,2730.452,2739.328,49980,0,0,0.001
2025-01-27 20:00:00,2739.353,2745.325,2738.147,2741.71,16496,0,0,0.001
2025-01-28 00:00:00,2741.743,2745.332,2737.815,2738.804,29942,0,0,0.001
2025-01-28 04:00:00,2738.806,2744.894,2738.33,2738.91,30108,0,0,0.001
2025-01-28 08:00:00,2738.936,2745.172,2734.762,2742.793,39134,0,0,0.001
2025-01-28 12:00:00,2742.709,2757.204,2741.156,2755.33,53988,0,0,0.001
2025-01-28 16:00:00,2755.325,2765.011,2755.222,2764.828,39684,0,0,0.001
2025-01-28 20:00:00,2764.788,2765.069,2762.387,2762.704,12381,0,0,0.001
2025-01-29 00:00:00,2762.701,2766.271,2762.234,2762.774,22884,0,0,0.001
2025-01-29 04:00:00,2762.766,2764.356,2757.414,2759.074,28859,0,0,0.001
2025-01-29 08:00:00,2759.118,2766.083,2757.008,2758.994,34752,0,0,0.001
2025-01-29 12:00:00,2758.956,2761.108,2748.206,2754.11,62076,0,0,0.001
2025-01-29 16:00:00,2754.15,2757.888,2744.744,2755.218,55315,0,0,0.001
2025-01-29 20:00:00,2755.18,2760.685,2752.745,2760.307,22854,0,0,0.001
2025-01-30 00:00:00,2760.243,2762.577,2758.923,2761.735,22069,0,0,0.001
2025-01-30 04:00:00,2761.699,2769.528,2758.633,2769.116,23820,0,0,0.001
2025-01-30 08:00:00,2769.133,2779.432,2768.322,2777.699,28239,0,0,0.001
2025-01-30 12:00:00,2777.686,2796.778,2776.061,2795.411,70471,0,0,0.001
2025-01-30 16:00:00,2795.388,2798.505,2788.797,2793.363,59734,0,0,0.001
2025-01-30 20:00:00,2793.343,2798.476,2790.749,2796.146,30180,0,0,0.001
2025-01-31 00:00:00,2796.183,2799.658,2794.41,2796.453,29042,0,0,0.001
2025-01-31 04:00:00,2796.412,2801.065,2792.103,2798.232,31389,0,0,0.001
2025-01-31 08:00:00,2798.205,2800.867,2791.025,2800.195,40747,0,0,0.001
2025-01-31 12:00:00,2800.165,2817.244,2799.964,2809.23,70243,0,0,0.001
2025-01-31 16:00:00,2809.129,2816.293,2795.25,2796.26,92397,0,0,0.001
2025-01-31 20:00:00,2796.303,2802.565,2794.029,2799.348,29716,0,0,0.001
2025-02-02 20:00:00,2801.018,2804.653,2784.271,2793.709,36924,0,0,0.001
2025-02-03 00:00:00,2793.726,2796.498,2772.152,2774.454,89198,0,0,0.001
2025-02-03 04:00:00,2774.457,2789.864,2774.192,2789.28,58355,0,0,0.001
2025-02-03 08:00:00,2789.32,2804.304,2786.965,2801.124,54540,0,0,0.001
2025-02-03 12:00:00,2801.169,2830.586,2800.426,2817.456,104386,0,0,0.001
2025-02-03 16:00:00,2817.423,2825.32,2812.768,2818.268,62681,0,0,0.001
2025-02-03 20:00:00,2818.242,2819.508,2811.888,2814.023,23972,0,0,0.001
2025-02-04 00:00:00,2813.985,2824.726,2812.65,2821.403,39702,0,0,0.001
2025-02-04 04:00:00,2821.321,2821.48,2807.2,2812.727,58030,0,0,0.001
2025-02-04 08:00:00,2812.763,2821.883,2810.106,2815.444,55746,0,0,0.001
2025-02-04 12:00:00,2815.463,2845.504,2814.439,2835.914,94034,0,0,0.001
2025-02-04 16:00:00,2835.855,2845.007,2832.459,2843.057,49559,0,0,0.001
2025-02-04 20:00:00,2843.092,2844.917,2840.386,2841.206,15891,0,0,0.001
2025-02-05 00:00:00,2841.26,2854.321,2839.691,2852.338,51965,0,0,0.001
2025-02-05 04:00:00,2852.334,2864.214,2851.848,2864.174,34112,0,0,0.001
2025-02-05 08:00:00,2864.133,2877.085,2863.53,2868.658,40958,0,0,0.001
2025-02-05 12:00:00,2868.613,2882.425,2858.598,2880.223,78922,0,0,0.001
2025-02-05 16:00:00,2880.263,2881.211,2862.681,2863.512,63133,0,0,0.001
2025-02-05 20:00:00,2863.486,2870.985,2859.882,2869.279,21969,0,0,0.001
2025-02-06 00:00:00,2869.272,2873.327,2863.67,2869.405,41751,0,0,0.001
2025-02-06 04:00:00,2869.353,2872.366,2854.985,2855.837,42928,0,0,0.001
2025-02-06 08:00:00,2855.798,2867.342,2848.84,2865.972,54526,0,0,0.001
2025-02-06 12:00:00,2865.966,2870.312,2834.055,2850.595,93038,0,0,0.001
2025-02-06 16:00:00,2850.555,2854.743,2848.046,2853.746,43752,0,0,0.001
2025-02-06 20:00:00,2853.791,2858.778,2853.575,2858.0,14634,0,0,0.001
2025-02-07 00:00:00,2857.994,2870.645,2857.713,2867.188,31248,0,0,0.001
2025-02-07 04:00:00,2867.147,2869.615,2858.947,2864.214,32287,0,0,0.001
2025-02-07 08:00:00,2864.268,2870.638,2863.214,2867.628,38720,0,0,0.001
2025-02-07 12:00:00,2867.675,2886.751,2852.442,2880.317,93534,0,0,0.001
2025-02-07 16:00:00,2880.353,2881.538,2853.326,2860.146,64288,0,0,0.001
2025-02-07 20:00:00,2860.106,2863.782,2859.371,2861.006,13953,0,0,0.001
2025-02-09 20:00:00,2861.269,2870.59,2860.136,2867.495,7916,0,0,0.001
2025-02-10 00:00:00,2867.539,2876.611,2865.83,2875.572,38048,0,0,0.001
2025-02-10 04:00:00,2875.544,2896.602,2874.318,2895.472,37858,0,0,0.001
2025-02-10 08:00:00,2895.432,2906.267,2892.213,2904.533,47908,0,0,0.001
2025-02-10 12:00:00,2904.528,2912.062,2896.26,2908.93,76199,0,0,0.001
2025-02-10 16:00:00,2908.977,2910.318,2896.632,2904.363,38459,0,0,0.001
2025-02-10 20:00:00,2904.369,2921.675,2902.88,2917.847,20749,0,0,0.001
2025-02-11 00:00:00,2917.894,2942.682,2905.397,2919.716,82222,0,0,0.001
2025-02-11 04:00:00,2919.751,2929.436,2907.124,2913.392,54632,0,0,0.001
2025-02-11 08:00:00,2913.318,2915.303,2901.864,2903.981,61679,0,0,0.001
2025-02-11 12:00:00,2904.016,2906.564,2881.751,2904.794,103959,0,0,0.001
2025-02-11 16:00:00,2904.834,2908.689,2899.562,2900.082,41889,0,0,0.001
2025-02-11 20:00:00,2900.085,2900.906,2894.018,2898.536,16711,0,0,0.001
2025-02-12 00:00:00,2898.562,2898.827,2883.76,2889.001,46564,0,0,0.001
2025-02-12 04:00:00,2888.998,2895.847,2883.637,2892.773,38177,0,0,0.001
2025-02-12 08:00:00,2892.81,2894.144,2879.317,2879.73,37645,0,0,0.001
2025-02-12 12:00:00,2879.811,2898.014,2864.146,2894.553,90292,0,0,0.001
2025-02-12 16:00:00,2894.513,2909.267,2892.062,2897.905,42488,0,0,0.001
2025-02-12 20:00:00,2897.936,2906.403,2895.517,2905.781,14217,0,0,0.001
2025-02-13 00:00:00,2905.756,2918.169,2901.437,2916.439,33794,0,0,0.001
2025-02-13 04:00:00,2916.491,2922.801,2912.531,2914.569,35159,0,0,0.001
2025-02-13 08:00:00,2914.607,2919.489,2909.464,2917.873,39522,0,0,0.001
2025-02-13 12:00:00,2917.909,2921.386,2905.762,2920.155,67529,0,0,0.001
2025-02-13 16:00:00,2920.266,2927.402,2912.887,2926.812,36570,0,0,0.001
2025-02-13 20:00:00,2926.825,2932.484,2924.877,2931.217,15409,0,0,0.001
2025-02-14 00:00:00,2931.192,2933.879,2923.164,2924.33,33512,0,0,0.001
2025-02-14 04:00:00,2924.295,2936.842,2923.762,2931.853,36332,0,0,0.001
2025-02-14 08:00:00,2931.81,2940.005,2929.246,2931.181,38885,0,0,0.001
2025-02-14 12:00:00,2931.136,2933.357,2892.87,2901.939,105401,0,0,0.001
2025-02-14 16:00:00,2901.827,2903.915,2878.691,2880.499,61640,0,0,0.001
2025-02-14 20:00:00,2880.468,2886.209,2876.991,2882.772,14424,0,0,0.001
2025-02-16 20:00:00,2893.643,2894.034,2878.43,2879.221,16152,0,0,0.001
2025-02-17 00:00:00,2879.254,2904.596,2879.254,2903.603,38125,0,0,0.001
2025-02-17 04:00:00,2903.553,2905.407,2888.211,2902.5,34927,0,0,0.001
2025-02-17 08:00:00,2902.51,2906.455,2895.044,2900.992,39900,0,0,0.001
2025-02-17 12:00:00,2900.979,2904.199,2895.45,2899.211,44365,0,0,0.001
2025-02-17 16:00:00,2899.31,2901.34,2896.488,2897.392,18277,0,0,0.001
2025-02-17 20:00:00,2899.102,2899.482,2897.109,2899.373,2069,0,0,0.001
2025-02-18 00:00:00,2899.325,2910.866,2892.003,2909.016,26473,0,0,0.001
2025-02-18 04:00:00,2908.996,2915.629,2907.173,2911.501,26145,0,0,0.001
2025-02-18 08:00:00,2911.591,2914.886,2907.069,2914.159,26232,0,0,0.001
2025-02-18 12:00:00,2914.213,2929.609,2912.078,2927.02,47607,0,0,0.001
2025-02-18 16:00:00,2926.986,2936.994,2924.215,2935.821,33095,0,0,0.001
2025-02-18 20:00:00,2935.832,2936.787,2932.393,2934.061,11034,0,0,0.001
2025-02-19 00:00:00,2934.059,2939.65,2924.03,2928.825,28805,0,0,0.001
2025-02-19 04:00:00,2928.828,2935.887,2926.487,2934.25,24992,0,0,0.001
2025-02-19 08:00:00,2934.21,2947.041,2933.718,2935.087,32723,0,0,0.001
2025-02-19 12:00:00,2935.059,2941.61,2925.476,2925.73,57267,0,0,0.001
2025-02-19 16:00:00,2925.756,2932.338,2918.524,2931.754,43522,0,0,0.001
2025-02-19 20:00:00,2931.715,2937.461,2931.29,2935.384,13375,0,0,0.001
2025-02-20 00:00:00,2935.386,2944.083,2933.855,2941.913,29379,0,0,0.001
2025-02-20 04:00:00,2941.933,2954.216,2939.267,2948.894,23350,0,0,0.001
2025-02-20 08:00:00,2948.966,2954.975,2947.172,2948.768,27912,0,0,0.001
2025-02-20 12:00:00,2948.743,2950.788,2924.114,2938.545,67699,0,0,0.001
2025-02-20 16:00:00,2938.503,2946.996,2933.572,2937.922,36464,0,0,0.001
2025-02-20 20:00:00,2938.034,2943.411,2935.526,2941.53,14002,0,0,0.001
2025-02-21 00:00:00,2941.57,2949.748,2926.286,2931.262,44484,0,0,0.001
2025-02-21 04:00:00,2931.262,2934.039,2924.186,2930.07,31300,0,0,0.001
2025-02-21 08:00:00,2930.014,2936.127,2916.682,2928.376,30943,0,0,0.001
2025-02-21 12:00:00,2928.411,2939.091,2921.547,2928.696,53672,0,0,0.001
2025-02-21 16:00:00,2928.647,2942.804,2927.325,2933.398,33472,0,0,0.001
2025-02-21 20:00:00,2933.374,2938.227,2932.144,2936.453,11768,0,0,0.001
2025-02-23 20:00:00,2939.411,2940.533,2936.498,2936.867,6014,0,0,0.001
2025-02-24 00:00:00,2936.863,2944.839,2921.316,2941.104,51069,0,0,0.001
2025-02-24 04:00:00,2941.133,2945.004,2935.236,2943.809,29627,0,0,0.001
2025-02-24 08:00:00,2943.85,2948.737,2934.892,2947.786,29237,0,0,0.001
2025-02-24 12:00:00,2947.709,2956.229,2930.654,2936.524,55904,0,0,0.001
2025-02-24 16:00:00,2936.5,2949.902,2936.475,2949.156,30329,0,0,0.001
2025-02-24 20:00:00,2949.214,2953.898,2947.038,2949.996,13639,0,0,0.001
2025-02-25 00:00:00,2949.957,2952.552,2937.535,2939.513,29801,0,0,0.001
2025-02-25 04:00:00,2939.562,2940.964,2930.518,2931.691,28639,0,0,0.001
2025-02-25 08:00:00,2931.762,2942.431,2929.515,2938.626,28478,0,0,0.001
2025-02-25 12:00:00,2938.679,2944.949,2900.498,2905.866,85068,0,0,0.001
2025-02-25 16:00:00,2905.892,2913.899,2888.229,2912.051,56141,0,0,0.001
2025-02-25 20:00:00,2912.074,2919.051,2910.817,2918.604,16543,0,0,0.001
2025-02-26 00:00:00,2918.631,2930.162,2914.77,2917.295,31032,0,0,0.001
2025-02-26 04:00:00,2917.264,2921.026,2905.857,2915.529,27065,0,0,0.001
2025-02-26 08:00:00,2915.504,2918.966,2909.516,2913.815,27338,0,0,0.001
2025-02-26 12:00:00,2913.776,2915.471,2890.669,2913.199,61094,0,0,0.001
2025-02-26 16:00:00,2913.246,2916.682,2909.924,2913.934,33373,0,0,0.001
2025-02-26 20:00:00,2913.921,2920.792,2911.996,2919.118,12478,0,0,0.001
2025-02-27 00:00:00,2919.176,2919.176,2904.327,2905.729,29342,0,0,0.001
2025-02-27 04:00:00,2905.768,2906.555,2887.924,2891.988,43176,0,0,0.001
2025-02-27 08:00:00,2891.944,2894.982,2876.95,2883.944,43604,0,0,0.001
2025-02-27 12:00:00,2884.054,2892.452,2867.721,2872.392,86968,0,0,0.001
2025-02-27 16:00:00,2872.359,2887.717,2871.822,2879.21,41227,0,0,0.001
2025-02-27 20:00:00,2879.248,2879.338,2871.328,2876.063,21613,0,0,0.001
2025-02-28 00:00:00,2876.069,2885.034,2863.681,2865.751,38124,0,0,0.001
2025-02-28 04:00:00,2865.731,2866.972,2856.949,2858.678,40325,0,0,0.001
2025-02-28 08:00:00,2858.639,2864.924,2851.057,2862.174,31923,0,0,0.001
2025-02-28 12:00:00,2862.216,2864.99,2832.578,2850.17,74799,0,0,0.001
2025-02-28 16:00:00,2850.193,2853.908,2838.071,2849.607,46221,0,0,0.001
2025-02-28 20:00:00,2849.553,2859.697,2847.79,2858.242,13068,0,0,0.001
2025-03-02 20:00:00,2873.556,2876.984,2863.968,2870.799,13996,0,0,0.001
2025-03-03 00:00:00,2870.866,2872.055,2859.251,2864.788,36100,0,0,0.001
2025-03-03 04:00:00,2864.85,2868.54,2860.093,2863.208,24722,0,0,0.001
2025-03-03 08:00:00,2863.264,2875.413,2858.83,2874.408,30764,0,0,0.001
2025-03-03 12:00:00,2874.381,2890.608,2868.834,2887.771,55019,0,0,0.001
2025-03-03 16:00:00,2887.862,2893.153,2879.723,2881.612,37428,0,0,0.001
2025-03-03 20:00:00,2881.655,2895.267,2878.303,2890.886,21226,0,0,0.001
2025-03-04 00:00:00,2890.863,2893.734,2881.878,2888.606,30419,0,0,0.001
2025-03-04 04:00:00,2888.57,2901.48,2884.391,2899.923,29083,0,0,0.001
2025-03-04 08:00:00,2899.908,2921.773,2896.707,2919.938,38789,0,0,0.001
2025-03-04 12:00:00,2920.02,2927.891,2900.31,2906.102,70771,0,0,0.001
2025-03-04 16:00:00,2906.087,2916.501,2903.694,2916.089,37240,0,0,0.001
2025-03-04 20:00:00,2916.049,2920.537,2913.269,2914.363,16623,0,0,0.001
2025-03-05 00:00:00,2914.362,2917.176,2902.124,2908.743,42847,0,0,0.001
2025-03-05 04:00:00,2908.714,2921.627,2908.546,2917.989,30882,0,0,0.001
2025-03-05 08:00:00,2917.947,2922.531,2909.01,2913.227,38040,0,0,0.001
2025-03-05 12:00:00,2913.278,2923.778,2894.303,2917.198,87331,0,0,0.001
2025-03-05 16:00:00,2917.157,2930.042,2911.22,2920.551,51467,0,0,0.001
2025-03-05 20:00:00,2920.512,2923.143,2916.711,2918.236,14179,0,0,0.001
2025-03-06 00:00:00,2918.237,2926.584,2915.884,2921.261,26153,0,0,0.001
2025-03-06 04:00:00,2921.227,2923.068,2909.788,2910.137,30532,0,0,0.001
2025-03-06 08:00:00,2910.18,2911.53,2891.159,2905.714,49621,0,0,0.001
2025-03-06 12:00:00,2905.76,2922.76,2899.23,2914.497,70933,0,0,0.001
2025-03-06 16:00:00,2914.53,2921.403,2912.337,2914.04,38752,0,0,0.001
2025-03-06 20:00:00,2914.013,2916.625,2908.376,2910.354,16907,0,0,0.001
2025-03-07 00:00:00,2910.298,2910.326,2896.669,2905.338,47735,0,0,0.001
2025-03-07 04:00:00,2905.262,2917.279,2904.747,2917.098,31880,0,0,0.001
2025-03-07 08:00:00,2917.138,2922.977,2915.246,2918.7,34217,0,0,0.001
2025-03-07 12:00:00,2918.796,2930.525,2903.57,2915.819,90236,0,0,0.001
2025-03-07 16:00:00,2915.783,2919.451,2901.86,2905.229,57810,0,0,0.001
2025-03-07 20:00:00,2905.199,2912.651,2904.716,2911.256,10885,0,0,0.001
2025-03-09 20:00:00,2912.347,2917.025,2909.608,2916.189,10291,0,0,0.001
2025-03-10 00:00:00,2916.19,2918.312,2908.128,2910.943,35725,0,0,0.001
2025-03-10 04:00:00,2910.982,2915.417,2904.252,2908.444,27462,0,0,0.001
2025-03-10 08:00:00,2908.387,2915.447,2895.606,2904.027,51497,0,0,0.001
2025-03-10 12:00:00,2904.029,2910.619,2897.653,2904.451,77966,0,0,0.001
2025-03-10 16:00:00,2904.491,2906.865,2880.166,2885.47,55153,0,0,0.001
2025-03-10 20:00:00,2885.449,2890.163,2882.332,2884.685,12055,0,0,0.001
2025-03-11 00:00:00,2884.724,2900.456,2880.121,2896.91,37498,0,0,0.001
2025-03-11 04:00:00,2896.91,2903.553,2892.68,2901.009,30167,0,0,0.001
2025-03-11 08:00:00,2901.052,2915.456,2900.402,2913.668,28206,0,0,0.001
2025-03-11 12:00:00,2913.651,2922.262,2906.789,2916.875,56669,0,0,0.001
2025-03-11 16:00:00,2916.833,2921.385,2914.071,2918.403,28483,0,0,0.001
2025-03-11 20:00:00,2918.365,2919.589,2914.42,2915.551,9938,0,0,0.001
2025-03-12 00:00:00,2915.589,2920.02,2910.838,2914.941,23660,0,0,0.001
2025-03-12 04:00:00,2914.977,2921.105,2908.904,2914.462,28199,0,0,0.001
2025-03-12 08:00:00,2914.427,2925.372,2912.638,2915.304,32500,0,0,0.001
2025-03-12 12:00:00,2915.308,2929.444,2905.97,2928.355,66270,0,0,0.001
2025-03-12 16:00:00,2928.457,2940.617,2927.89,2931.322,40114,0,0,0.001
2025-03-12 20:00:00,2931.289,2939.353,2930.831,2938.039,11163,0,0,0.001
2025-03-13 00:00:00,2938.025,2947.151,2936.439,2945.636,24260,0,0,0.001
2025-03-13 04:00:00,2945.601,2946.163,2932.92,2935.252,25460,0,0,0.001
2025-03-13 08:00:00,2935.287,2948.885,2934.764,2946.333,27176,0,0,0.001
2025-03-13 12:00:00,2946.371,2978.486,2938.935,2977.772,73261,0,0,0.001
2025-03-13 16:00:00,2977.797,2985.474,2976.363,2982.946,44775,0,0,0.001
2025-03-13 20:00:00,2982.973,2989.943,2981.256,2986.435,12987,0,0,0.001
2025-03-14 00:00:00,2986.473,2992.956,2981.717,2992.626,34445,0,0,0.001
2025-03-14 04:00:00,2992.597,2993.928,2980.838,2986.892,29280,0,0,0.001
2025-03-14 08:00:00,2986.921,3004.918,2985.2,2993.503,36429,0,0,0.001
2025-03-14 12:00:00,2993.477,2999.673,2978.396,2984.607,69136,0,0,0.001
2025-03-14 16:00:00,2984.569,2990.429,2982.14,2984.005,27433,0,0,0.001
2025-03-14 20:00:00,2983.985,2988.812,2981.677,2986.37,3461,0,0,0.001
2025-03-16 20:00:00,2987.601,2994.118,2986.054,2990.061,7871,0,0,0.001
2025-03-17 00:00:00,2989.965,2993.097,2985.22,2986.917,24428,0,0,0.001
2025-03-17 04:00:00,2986.943,2990.735,2982.158,2985.538,19465,0,0,0.001
2025-03-17 08:00:00,2985.506,3001.217,2983.028,2997.475,22030,0,0,0.001
2025-03-17 12:00:00,2997.515,3000.512,2984.72,2997.122,52910,0,0,0.001
2025-03-17 16:00:00,2997.169,3000.838,2993.027,3000.173,23582,0,0,0.001
2025-03-17 20:00:00,3000.214,3002.783,2999.583,2999.831,7165,0,0,0.001
2025-03-18 00:00:00,2999.803,3015.054,2999.49,3011.333,28019,0,0,0.001
2025-03-18 04:00:00,3011.34,3018.955,3006.066,3016.416,26816,0,0,0.001
2025-03-18 08:00:00,3016.46,3029.533,3016.329,3026.839,28729,0,0,0.001
2025-03-18 12:00:00,3026.842,3038.334,3024.72,3031.758,60172,0,0,0.001
2025-03-18 16:00:00,3031.719,3037.933,3029.741,3035.615,26579,0,0,0.001
2025-03-18 20:00:00,3035.643,3035.974,3031.512,3031.774,7867,0,0,0.001
2025-03-19 00:00:00,3031.801,3039.029,3027.32,3036.325,20194,0,0,0.001
2025-03-19 04:00:00,3036.291,3045.362,3034.256,3035.896,31322,0,0,0.001
2025-03-19 08:00:00,3035.949,3039.949,3022.738,3038.946,28243,0,0,0.001
2025-03-19 12:00:00,3038.955,3041.152,3025.845,3031.458,42505,0,0,0.001
2025-03-19 16:00:00,3031.482,3051.982,3029.363,3047.858,44238,0,0,0.001
2025-03-19 20:00:00,3047.818,3051.335,3044.205,3050.026,10349,0,0,0.001
2025-03-20 00:00:00,3050.023,3056.177,3045.018,3049.964,34924,0,0,0.001
2025-03-20 04:00:00,3050.068,3057.484,3041.78,3042.287,32522,0,0,0.001
2025-03-20 08:00:00,3042.229,3046.254,3025.635,3034.433,40475,0,0,0.001
2025-03-20 12:00:00,3034.467,3042.329,3029.883,3040.765,50197,0,0,0.001
2025-03-20 16:00:00,3040.802,3046.094,3033.884,3044.602,28097,0,0,0.001
2025-03-20 20:00:00,3044.561,3046.598,3043.503,3046.409,7014,0,0,0.001
2025-03-21 00:00:00,3046.335,3047.435,3029.974,3030.585,25611,0,0,0.001
2025-03-21 04:00:00,3030.539,3033.939,3021.553,3031.927,27901,0,0,0.001
2025-03-21 08:00:00,3031.991,3037.67,3027.06,3034.332,28002,0,0,0.001
2025-03-21 12:00:00,3034.382,3038.128,2999.385,3011.072,78191,0,0,0.001
2025-03-21 16:00:00,3011.037,3022.022,3010.66,3020.001,30120,0,0,0.001
2025-03-21 20:00:00,3020.037,3024.274,3019.974,3023.493,3767,0,0,0.001
2025-03-23 20:00:00,3023.441,3026.331,3022.143,3024.721,6789,0,0,0.001
2025-03-24 00:00:00,3024.709,3025.648,3013.646,3016.963,31894,0,0,0.001
2025-03-24 04:00:00,3017.002,3028.914,3016.524,3022.361,24555,0,0,0.001
2025-03-24 08:00:00,3022.329,3033.208,3021.839,3024.642,29522,0,0,0.001
2025-03-24 12:00:00,3024.602,3028.633,3005.745,3014.036,51214,0,0,0.001
2025-03-24 16:00:00,3013.997,3015.662,3002.466,3006.133,30563,0,0,0.001
2025-03-24 20:00:00,3006.096,3014.63,3005.559,3009.91,8763,0,0,0.001
2025-03-25 00:00:00,3009.945,3016.222,3007.507,3015.248,21463,0,0,0.001
2025-03-25 04:00:00,3015.284,3021.009,3010.521,3011.13,20141,0,0,0.001
2025-03-25 08:00:00,3011.151,3026.436,3010.681,3020.775,25582,0,0,0.001
2025-03-25 12:00:00,3020.738,3035.987,3014.108,3021.561,51510,0,0,0.001
2025-03-25 16:00:00,3021.592,3025.544,3017.721,3019.59,23082,0,0,0.001
2025-03-25 20:00:00,3019.616,3022.478,3018.767,3021.041,6379,0,0,0.001
2025-03-26 00:00:00,3021.037,3027.135,3016.394,3017.616,26361,0,0,0.001
2025-03-26 04:00:00,3017.544,3030.788,3013.218,3030.471,24938,0,0,0.001
2025-03-26 08:00:00,3030.509,3032.042,3016.886,3027.595,26113,0,0,0.001
2025-03-26 12:00:00,3027.54,3029.971,3012.325,3015.878,41793,0,0,0.001
2025-03-26 16:00:00,3015.911,3020.861,3015.158,3017.342,23334,0,0,0.001
2025-03-26 20:00:00,3017.367,3021.848,3017.162,3021.623,11610,0,0,0.001
2025-03-27 00:00:00,3021.563,3034.286,3021.522,3033.568,26134,0,0,0.001
2025-03-27 04:00:00,3033.61,3038.632,3026.675,3035.85,31987,0,0,0.001
2025-03-27 08:00:00,3035.827,3055.898,3033.759,3054.566,37307,0,0,0.001
2025-03-27 12:00:00,3054.548,3059.885,3033.406,3052.206,72072,0,0,0.001
2025-03-27 16:00:00,3052.123,3057.831,3047.801,3057.468,33106,0,0,0.001
2025-03-27 20:00:00,3057.438,3057.637,3054.134,3055.71,8362,0,0,0.001
2025-03-28 00:00:00,3055.726,3077.57,3054.993,3075.326,35009,0,0,0.001
2025-03-28 04:00:00,3075.25,3085.992,3072.446,3079.348,29610,0,0,0.001
2025-03-28 08:00:00,3079.302,3081.231,3066.153,3076.372,31262,0,0,0.001
2025-03-28 12:00:00,3076.344,3086.759,3067.255,3083.741,80570,0,0,0.001
2025-03-28 16:00:00,3083.695,3086.742,3073.488,3080.734,32781,0,0,0.001
2025-03-28 20:00:00,3080.809,3085.955,3080.809,3085.002,4569,0,0,0.001
2025-03-30 20:00:00,3092.531,3097.861,3087.793,3089.213,13212,0,0,0.001
2025-03-31 00:00:00,3089.159,3111.675,3076.841,3107.126,59089,0,0,0.001
2025-03-31 04:00:00,3107.072,3128.165,3105.913,3124.523,47504,0,0,0.001
2025-03-31 08:00:00,3124.477,3127.156,3111.829,3119.48,38605,0,0,0.001
2025-03-31 12:00:00,3119.471,3127.237,3099.753,3113.807,88995,0,0,0.001
2025-03-31 16:00:00,3113.847,3124.613,3111.565,3124.36,32464,0,0,0.001
2025-03-31 20:00:00,3124.32,3126.465,3120.024,3120.581,9915,0,0,0.001
2025-04-01 00:00:00,3120.561,3147.383,3120.227,3146.028,49630,0,0,0.001
2025-04-01 04:00:00,3146.0,3149.059,3124.073,3127.638,55585,0,0,0.001
2025-04-01 08:00:00,3127.594,3138.997,3126.392,3130.319,35933,0,0,0.001
2025-04-01 12:00:00,3130.354,3137.1,3113.376,3113.725,73438,0,0,0.001
2025-04-01 16:00:00,3113.69,3119.013,3100.761,3118.723,45221,0,0,0.001
2025-04-01 20:00:00,3118.681,3120.794,3107.742,3115.168,12597,0,0,0.001
2025-04-02 00:00:00,3115.16,3135.703,3112.97,3125.489,43279,0,0,0.001
2025-04-02 04:00:00,3125.458,3126.779,3108.623,3125.314,37962,0,0,0.001
2025-04-02 08:00:00,3125.275,3133.878,3110.052,3121.3,40372,0,0,0.001
2025-04-02 12:00:00,3121.242,3132.101,3116.597,3125.883,57549,0,0,0.001
2025-04-02 16:00:00,3125.837,3134.396,3118.666,3124.397,34964,0,0,0.001
2025-04-02 20:00:00,3124.364,3167.792,3104.742,3162.712,105270,0,0,0.001
2025-04-03 00:00:00,3162.55,3164.812,3140.717,3148.066,100847,0,0,0.001
2025-04-03 04:00:00,3148.02,3149.676,3116.392,3128.957,76068,0,0,0.001
2025-04-03 08:00:00,3129.011,3132.019,3085.048,3093.188,87953,0,0,0.001
2025-04-03 12:00:00,3093.193,3135.57,3054.052,3110.521,167951,0,0,0.001
2025-04-03 16:00:00,3110.556,3114.282,3099.949,3107.592,47718,0,0,0.001
2025-04-03 20:00:00,3107.567,3119.962,3107.2,3112.884,17509,0,0,0.001
2025-04-04 00:00:00,3112.908,3115.817,3086.989,3098.481,53686,0,0,0.001
2025-04-04 04:00:00,3098.435,3109.96,3091.993,3092.85,50022,0,0,0.001
2025-04-04 08:00:00,3092.883,3136.756,3078.42,3110.239,109531,0,0,0.001
2025-04-04 12:00:00,3110.248,3111.86,3016.939,3021.951,204586,0,0,0.001
2025-04-04 16:00:00,3021.908,3040.925,3015.593,3036.427,89676,0,0,0.001
2025-04-04 20:00:00,3036.464,3040.94,3033.84,3038.506,9006,0,0,0.001
2025-04-06 20:00:00,3028.686,3032.445,2977.024,2999.944,46371,0,0,0.001
2025-04-07 00:00:00,2999.954,3055.804,2970.689,3018.926,170058,0,0,0.001
2025-04-07 04:00:00,3018.955,3044.629,3013.2,3018.569,101878,0,0,0.001
2025-04-07 08:00:00,3018.537,3046.148,3017.685,3031.27,90886,0,0,0.001
2025-04-07 12:00:00,3031.296,3038.036,2979.81,2987.544,205224,0,0,0.001
2025-04-07 16:00:00,2987.452,2987.862,2956.374,2976.636,94714,0,0,0.001
2025-04-07 20:00:00,2976.59,2988.669,2969.884,2981.328,22719,0,0,0.001
2025-04-08 00:00:00,2981.363,3004.876,2980.306,2994.741,69744,0,0,0.001
2025-04-08 04:00:00,2994.716,3015.779,2990.88,3003.607,62672,0,0,0.001
2025-04-08 08:00:00,3003.579,3019.502,2994.793,3017.379,42566,0,0,0.001
2025-04-08 12:00:00,3017.467,3022.746,3001.241,3001.545,79353,0,0,0.001
2025-04-08 16:00:00,3001.596,3001.596,2974.596,2984.959,56676,0,0,0.001
2025-04-08 20:00:00,2984.996,2990.888,2969.978,2978.367,21830,0,0,0.001
2025-04-09 00:00:00,2978.398,3011.285,2972.466,3004.464,78566,0,0,0.001
2025-04-09 04:00:00,3004.464,3052.375,2999.507,3041.091,76762,0,0,0.001
2025-04-09 08:00:00,3041.05,3068.113,3036.074,3066.596,65575,0,0,0.001
2025-04-09 12:00:00,3066.641,3087.773,3042.626,3086.288,100223,0,0,0.001
2025-04-09 16:00:00,3086.33,3099.673,3048.521,3093.574,109921,0,0,0.001
2025-04-09 20:00:00,3093.62,3095.551,3071.426,3086.784,26800,0,0,0.001
2025-04-10 00:00:00,3086.745,3131.834,3078.431,3125.408,77900,0,0,0.001
2025-04-10 04:00:00,3125.386,3132.616,3106.551,3108.703,49235,0,0,0.001
2025-04-10 08:00:00,3108.704,3125.65,3103.182,3124.648,48206,0,0,0.001
2025-04-10 12:00:00,3124.677,3174.993,3116.011,3157.982,100501,0,0,0.001
2025-04-10 16:00:00,3157.95,3176.415,3151.517,3170.773,59471,0,0,0.001
2025-04-10 20:00:00,3170.749,3191.341,3168.437,3188.972,23586,0,0,0.001
2025-04-11 00:00:00,3188.993,3220.137,3184.783,3217.686,85385,0,0,0.001
2025-04-11 04:00:00,3217.693,3219.286,3187.187,3212.406,73428,0,0,0.001
2025-04-11 08:00:00,3212.43,3237.84,3208.51,3213.872,73631,0,0,0.001
2025-04-11 12:00:00,3213.91,3244.158,3211.033,3240.577,96959,0,0,0.001
2025-04-11 16:00:00,3240.602,3245.436,3219.561,3231.084,48781,0,0,0.001
2025-04-11 20:00:00,3231.057,3238.974,3230.864,3237.519,5154,0,0,0.001
2025-04-13 20:00:00,3220.46,3224.786,3213.589,3223.733,19664,0,0,0.001
2025-04-14 00:00:00,3223.699,3245.757,3215.38,3232.444,54673,0,0,0.001
2025-04-14 04:00:00,3232.445,3238.198,3221.386,3228.013,39555,0,0,0.001
2025-04-14 08:00:00,3227.973,3231.724,3206.301,3223.359,51908,0,0,0.001
2025-04-14 12:00:00,3223.332,3227.712,3193.552,3198.051,75713,0,0,0.001
2025-04-14 16:00:00,3198.089,3216.602,3197.637,3212.699,32562,0,0,0.001
2025-04-14 20:00:00,3212.745,3215.225,3207.342,3212.626,11436,0,0,0.001
2025-04-15 00:00:00,3212.601,3228.936,3210.002,3228.304,34975,0,0,0.001
2025-04-15 04:00:00,3228.345,3232.704,3217.361,3225.671,31288,0,0,0.001
2025-04-15 08:00:00,3225.623,3232.171,3216.776,3220.164,31499,0,0,0.001
2025-04-15 12:00:00,3220.192,3226.933,3211.555,3221.371,47762,0,0,0.001
2025-04-15 16:00:00,3221.394,3231.877,3219.486,3229.793,21557,0,0,0.001
2025-04-15 20:00:00,3229.86,3251.826,3226.453,3251.78,17786,0,0,0.001
2025-04-16 00:00:00,3251.804,3281.75,3251.59,3281.401,54598,0,0,0.001
2025-04-16 04:00:00,3281.401,3300.663,3269.29,3300.433,44780,0,0,0.001
2025-04-16 08:00:00,3300.386,3317.821,3288.55,3306.842,58292,0,0,0.001
2025-04-16 12:00:00,3306.798,3328.141,3296.871,3325.328,72936,0,0,0.001
2025-04-16 16:00:00,3325.216,3342.462,3321.409,3336.694,42360,0,0,0.001
2025-04-16 20:00:00,3336.72,3357.738,3334.437,3350.133,22453,0,0,0.001
2025-04-17 00:00:00,3350.168,3356.316,3320.801,3344.538,75021,0,0,0.001
2025-04-17 04:00:00,3344.49,3345.445,3314.279,3323.323,51782,0,0,0.001
2025-04-17 08:00:00,3323.36,3334.181,3312.657,3327.371,39109,0,0,0.001
2025-04-17 12:00:00,3327.322,3342.433,3283.828,3296.431,99843,0,0,0.001
2025-04-17 16:00:00,3296.335,3322.464,3294.904,3320.747,37741,0,0,0.001
2025-04-17 20:00:00,3320.691,3328.838,3317.996,3327.671,5309,0,0,0.001
2025-04-20 20:00:00,3331.849,3353.144,3331.312,3348.078,23638,0,0,0.001
2025-04-21 00:00:00,3348.119,3385.242,3347.487,3382.472,60027,0,0,0.001
2025-04-21 04:00:00,3382.465,3396.018,3369.599,3385.121,45508,0,0,0.001
2025-04-21 08:00:00,3385.031,3405.924,3383.676,3404.443,38947,0,0,0.001
2025-04-21 12:00:00,3404.543,3430.24,3397.966,3422.941,84728,0,0,0.001
2025-04-21 16:00:00,3422.897,3430.547,3405.988,3423.431,40157,0,0,0.001
2025-04-21 20:00:00,3423.458,3444.257,3419.628,3434.548,26852,0,0,0.001
2025-04-22 00:00:00,3434.524,3494.843,3412.18,3487.776,94789,0,0,0.001
2025-04-22 04:00:00,3487.894,3500.033,3460.861,3468.67,92183,0,0,0.001
2025-04-22 08:00:00,3468.634,3472.689,3443.151,3456.715,68451,0,0,0.001
2025-04-22 12:00:00,3456.706,3464.829,3408.591,3417.729,127191,0,0,0.001
2025-04-22 16:00:00,3417.678,3421.075,3366.745,3374.789,110180,0,0,0.001
2025-04-22 20:00:00,3374.818,3382.727,3315.828,3336.561,54153,0,0,0.001
2025-04-23 00:00:00,3336.607,3386.643,3329.16,3338.878,114665,0,0,0.001
2025-04-23 04:00:00,3338.956,3349.383,3291.789,3319.13,91316,0,0,0.001
2025-04-23 08:00:00,3319.185,3340.577,3305.439,3324.594,58678,0,0,0.001
2025-04-23 12:00:00,3324.677,3333.344,3260.042,3280.424,150608,0,0,0.001
2025-04-23 16:00:00,3280.386,3305.553,3277.824,3293.916,55662,0,0,0.001
2025-04-23 20:00:00,3293.943,3316.882,3283.903,3316.384,23652,0,0,0.001
2025-04-24 00:00:00,3316.351,3367.502,3313.286,3327.074,97878,0,0,0.001
2025-04-24 04:00:00,3326.925,3339.837,3314.775,3333.586,61389,0,0,0.001
2025-04-24 08:00:00,3333.792,3343.988,3325.428,3336.917,44801,0,0,0.001
2025-04-24 12:00:00,3336.948,3344.719,3306.739,3329.391,84187,0,0,0.001
2025-04-24 16:00:00,3329.365,3347.026,3322.437,3342.226,35494,0,0,0.001
2025-04-24 20:00:00,3342.266,3370.789,3338.128,3348.976,26730,0,0,0.001
2025-04-25 00:00:00,3348.948,3363.157,3322.653,3323.655,58401,0,0,0.001
2025-04-25 04:00:00,3323.681,3327.775,3287.021,3307.449,81206,0,0,0.001
2025-04-25 08:00:00,3307.408,3308.792,3287.911,3293.455,49026,0,0,0.001
2025-04-25 12:00:00,3293.426,3303.054,3265.0,3282.899,87878,0,0,0.001
2025-04-25 16:00:00,3282.885,3312.399,3280.372,3304.818,36973,0,0,0.001
2025-04-25 20:00:00,3304.856,3319.226,3304.569,3318.798,7472,0,0,0.001
2025-04-27 20:00:00,3325.64,3330.215,3298.606,3302.739,25677,0,0,0.001
2025-04-28 00:00:00,3302.745,3315.965,3268.048,3290.902,77620,0,0,0.001
2025-04-28 04:00:00,3290.894,3301.054,3277.686,3287.445,46458,0,0,0.001
2025-04-28 08:00:00,3287.401,3297.23,3273.268,3294.176,38885,0,0,0.001
2025-04-28 12:00:00,3294.297,3336.044,3286.851,3325.005,78634,0,0,0.001
2025-04-28 16:00:00,3325.05,3353.006,3324.496,3352.076,41085,0,0,0.001
2025-04-28 20:00:00,3352.107,3352.38,3332.318,3337.682,24076,0,0,0.001
2025-04-29 00:00:00,3337.643,3340.061,3308.016,3316.03,59172,0,0,0.001
2025-04-29 04:00:00,3316.057,3323.895,3305.084,3323.042,39215,0,0,0.001
2025-04-29 08:00:00,3323.066,3324.923,3306.159,3309.416,33213,0,0,0.001
2025-04-29 12:00:00,3309.349,3321.302,3299.649,3312.455,75153,0,0,0.001
2025-04-29 16:00:00,3312.477,3330.013,3312.156,3320.535,34990,0,0,0.001
2025-04-29 20:00:00,3320.51,3323.514,3310.949,3317.122,15521,0,0,0.001
2025-04-30 00:00:00,3317.122,3327.982,3303.739,3304.753,42970,0,0,0.001
2025-04-30 04:00:00,3304.765,3314.658,3301.337,3307.203,31467,0,0,0.001
2025-04-30 08:00:00,3307.242,3307.704,3268.288,3272.115,49562,0,0,0.001
2025-04-30 12:00:00,3272.307,3319.79,3266.901,3307.955,103016,0,0,0.001
2025-04-30 16:00:00,3308.004,3314.279,3292.053,3295.82,38541,0,0,0.001
2025-04-30 20:00:00,3295.854,3297.968,3269.738,3272.887,31862,0,0,0.001
2025-05-01 00:00:00,3272.922,3276.329,3228.894,3229.493,75194,0,0,0.001
2025-05-01 04:00:00,3229.496,3243.197,3221.228,3230.192,51806,0,0,0.001
2025-05-01 08:00:00,3230.149,3236.721,3203.334,3205.502,41269,0,0,0.001
2025-05-01 12:00:00,3205.465,3233.32,3201.862,3216.414,92348,0,0,0.001
2025-05-01 16:00:00,3216.437,3229.732,3208.917,3228.25,35951,0,0,0.001
2025-05-01 20:00:00,3228.223,3243.462,3228.039,3237.253,21883,0,0,0.001
2025-05-02 00:00:00,3237.291,3258.758,3227.533,3254.941,44879,0,0,0.001
2025-05-02 04:00:00,3255.02,3263.339,3246.327,3258.895,36520,0,0,0.001
2025-05-02 08:00:00,3258.92,3269.242,3255.161,3262.698,36488,0,0,0.001
2025-05-02 12:00:00,3262.684,3264.934,3230.262,3231.601,100252,0,0,0.001
2025-05-02 16:00:00,3231.604,3239.868,3222.721,3233.555,56129,0,0,0.001
2025-05-02 20:00:00,3233.581,3241.232,3232.659,3240.947,5887,0,0,0.001
2025-05-04 20:00:00,3238.49,3252.3,3237.562,3247.922,17230,0,0,0.001
2025-05-05 00:00:00,3247.969,3272.376,3241.18,3254.585,48312,0,0,0.001
2025-05-05 04:00:00,3254.517,3267.748,3253.616,3264.76,37485,0,0,0.001
2025-05-05 08:00:00,3264.797,3318.985,3263.086,3312.919,52932,0,0,0.001
2025-05-05 12:00:00,3312.861,3328.838,3309.006,3312.065,65068,0,0,0.001
2025-05-05 16:00:00,3312.028,3337.678,3305.577,3328.793,39973,0,0,0.001
2025-05-05 20:00:00,3328.76,3338.019,3327.401,3334.031,19337,0,0,0.001
2025-05-06 00:00:00,3334.038,3387.027,3323.139,3360.401,97684,0,0,0.001
2025-05-06 04:00:00,3360.33,3379.589,3350.195,3371.2,54043,0,0,0.001
2025-05-06 08:00:00,3371.313,3385.084,3368.547,3379.104,44765,0,0,0.001
2025-05-06 12:00:00,3379.195,3399.888,3373.128,3395.098,72697,0,0,0.001
2025-05-06 16:00:00,3395.083,3424.094,3394.673,3423.168,41789,0,0,0.001
2025-05-06 20:00:00,3423.139,3435.016,3376.84,3400.68,64712,0,0,0.001
2025-05-07 00:00:00,3400.723,3401.666,3360.068,3375.541,98928,0,0,0.001
2025-05-07 04:00:00,3375.495,3397.425,3374.962,3388.029,46266,0,0,0.001
2025-05-07 08:00:00,3387.971,3393.387,3369.161,3387.083,45561,0,0,0.001
2025-05-07 12:00:00,3387.055,3398.139,3375.662,3385.27,69064,0,0,0.001
2025-05-07 16:00:00,3385.224,3398.028,3363.692,3371.904,75639,0,0,0.001
2025-05-07 20:00:00,3371.961,3377.185,3363.733,3376.488,21244,0,0,0.001
2025-05-08 00:00:00,3376.515,3414.851,3373.803,3396.864,65625,0,0,0.001
2025-05-08 04:00:00,3396.826,3399.413,3320.253,3342.884,92297,0,0,0.001
2025-05-08 08:00:00,3342.882,3346.695,3330.39,3344.381,46345,0,0,0.001
2025-05-08 12:00:00,3344.311,3369.562,3326.803,3330.509,86795,0,0,0.001
2025-05-08 16:00:00,3330.47,3330.47,3288.697,3306.384,70110,0,0,0.001
2025-05-08 20:00:00,3306.434,3324.005,3303.853,3316.412,25682,0,0,0.001
2025-05-09 00:00:00,3316.448,3323.138,3274.664,3308.106,80745,0,0,0.001
2025-05-09 04:00:00,3308.099,3332.258,3308.099,3327.102,49681,0,0,0.001
2025-05-09 08:00:00,3327.154,3338.358,3320.241,3332.996,38988,0,0,0.001
2025-05-09 12:00:00,3333.066,3346.044,3320.298,3345.056,63179,0,0,0.001
2025-05-09 16:00:00,3345.117,3347.556,3325.458,3328.802,32089,0,0,0.001
2025-05-09 20:00:00,3328.76,3330.295,3325.142,3326.805,5098,0,0,0.001
2025-05-11 20:00:00,3282.255,3292.6,3265.847,3287.561,32302,0,0,0.001
2025-05-12 00:00:00,3287.506,3290.026,3258.751,3283.25,77703,0,0,0.001
2025-05-12 04:00:00,3283.214,3283.643,3216.108,3222.647,85561,0,0,0.001
2025-05-12 08:00:00,3222.784,3234.465,3207.693,3224.862,80065,0,0,0.001
2025-05-12 12:00:00,3224.822,3248.642,3220.283,3239.262,95217,0,0,0.001
2025-05-12 16:00:00,3239.237,3240.112,3220.295,3235.394,41780,0,0,0.001
2025-05-12 20:00:00,3235.355,3241.807,3229.864,3236.858,18049,0,0,0.001
2025-05-13 00:00:00,3236.906,3243.423,3215.88,3236.743,57760,0,0,0.001
2025-05-13 04:00:00,3236.719,3265.659,3234.916,3259.098,44396,0,0,0.001
2025-05-13 08:00:00,3259.139,3261.284,3248.781,3249.156,34729,0,0,0.001
2025-05-13 12:00:00,3249.098,3255.899,3225.476,3253.325,82206,0,0,0.001
2025-05-13 16:00:00,3253.293,3257.794,3242.016,3249.324,30767,0,0,0.001
2025-05-13 20:00:00,3249.355,3257.165,3248.043,3254.41,12926,0,0,0.001
2025-05-14 00:00:00,3254.388,3254.658,3226.212,3228.366,52345,0,0,0.001
2025-05-14 04:00:00,3228.442,3238.874,3221.57,3238.085,42162,0,0,0.001
2025-05-14 08:00:00,3237.99,3243.897,3219.436,3220.132,45653,0,0,0.001
2025-05-14 12:00:00,3220.142,3222.534,3174.875,3182.674,111525,0,0,0.001
2025-05-14 16:00:00,3182.629,3190.897,3167.933,3180.587,45262,0,0,0.001
2025-05-14 20:00:00,3180.613,3187.312,3177.056,3186.127,15007,0,0,0.001
2025-05-15 00:00:00,3186.011,3192.71,3148.326,3150.594,57268,0,0,0.001
2025-05-15 04:00:00,3150.546,3153.903,3120.65,3142.318,64915,0,0,0.001
2025-05-15 08:00:00,3142.244,3180.039,3139.065,3179.18,47755,0,0,0.001
2025-05-15 12:00:00,3179.141,3220.088,3177.53,3219.74,80289,0,0,0.001
2025-05-15 16:00:00,3219.78,3232.731,3215.873,3232.003,33511,0,0,0.001
2025-05-15 20:00:00,3231.973,3252.105,3231.094,3237.15,26790,0,0,0.001
2025-05-16 00:00:00,3237.175,3244.613,3206.53,3211.889,66193,0,0,0.001
2025-05-16 04:00:00,3211.969,3231.343,3205.365,3207.68,48117,0,0,0.001
2025-05-16 08:00:00,3207.572,3212.954,3154.289,3163.104,62587,0,0,0.001
2025-05-16 12:00:00,3163.221,3188.582,3154.861,3183.479,93328,0,0,0.001
2025-05-16 16:00:00,3183.513,3195.802,3180.462,3192.615,33963,0,0,0.001
2025-05-16 20:00:00,3192.583,3202.954,3192.129,3202.217,8633,0,0,0.001
2025-05-18 20:00:00,3214.226,3245.252,3211.713,3234.91,28622,0,0,0.001
2025-05-19 00:00:00,3234.947,3249.812,3208.04,3212.27,68368,0,0,0.001
2025-05-19 04:00:00,3212.232,3234.64,3206.584,3232.317,46914,0,0,0.001
2025-05-19 08:00:00,3232.361,3248.539,3229.943,3243.82,40157,0,0,0.001
2025-05-19 12:00:00,3243.817,3244.495,3217.216,3231.662,67534,0,0,0.001
2025-05-19 16:00:00,3231.687,3235.866,3225.216,3233.01,28935,0,0,0.001
2025-05-19 20:00:00,3233.056,3233.789,3219.097,3222.532,14868,0,0,0.001
2025-05-20 00:00:00,3222.561,3232.81,3204.521,3211.411,52028,0,0,0.001
2025-05-20 04:00:00,3211.394,3225.43,3207.946,3222.843,40424,0,0,0.001
2025-05-20 08:00:00,3222.819,3241.611,3218.328,3241.138,35188,0,0,0.001
2025-05-20 12:00:00,3241.221,3285.837,3232.804,3277.264,88131,0,0,0.001
2025-05-20 16:00:00,3277.239,3295.191,3275.204,3294.078,32429,0,0,0.001
2025-05-20 20:00:00,3294.13,3304.072,3288.505,3290.695,26382,0,0,0.001
2025-05-21 00:00:00,3290.734,3314.68,3285.42,3307.544,60263,0,0,0.001
2025-05-21 04:00:00,3307.505,3320.734,3298.404,3309.906,45424,0,0,0.001
2025-05-21 08:00:00,3309.933,3318.297,3303.946,3311.217,38957,0,0,0.001
2025-05-21 12:00:00,3311.202,3315.197,3290.693,3311.978,76786,0,0,0.001
2025-05-21 16:00:00,3311.99,3324.897,3302.765,3318.389,42432,0,0,0.001
2025-05-21 20:00:00,3318.423,3324.213,3313.164,3320.085,20282,0,0,0.001
2025-05-22 00:00:00,3320.121,3345.472,3319.389,3335.44,51364,0,0,0.001
2025-05-22 04:00:00,3335.451,3339.533,3322.607,3327.621,40167,0,0,0.001
2025-05-22 08:00:00,3327.636,3329.84,3282.977,3314.466,64874,0,0,0.001
